SET SQL_MODE = "NO_AUTO_VALUE_ON_ZERO";
SET FOREIGN_KEY_CHECKS=0;
START TRANSACTION;
SET time_zone = "+00:00";

/*!40101 SET @OLD_CHARACTER_SET_CLIENT=@@CHARACTER_SET_CLIENT */;
/*!40101 SET @OLD_CHARACTER_SET_RESULTS=@@CHARACTER_SET_RESULTS */;
/*!40101 SET @OLD_COLLATION_CONNECTION=@@COLLATION_CONNECTION */;
/*!40101 SET NAMES utf8mb4 */;

INSERT INTO `Topic` (`id`, `name`, `description`, `ts`) VALUES
(1, 'Sample Too Early Inferences from PHIL 2010 Spring 2022', NULL, '2022-02-22 12:33:59'),
(2, 'Sample Inferences from PHIL 2010 with Syntax Problems', NULL, '2022-02-22 13:21:01'),
(3, 'Sample Inferences from PHIL 2010', NULL, '2022-02-22 13:37:12'),
(5, 'Legalization of Marijuana', NULL, '2022-03-10 15:22:02'),
(7, 'Physician assisted suicide', NULL, '2022-03-16 19:04:47'),
(8, 'Gene Editing on Humans', NULL, '2022-03-16 19:55:04'),
(9, 'Abortion', NULL, '2022-03-26 08:40:44'),
(10, 'TuitionFree College', NULL, '2022-03-26 10:32:45'),
(11, 'Update Testing', NULL, '2022-03-26 11:44:48'),
(13, 'Death Penalty', NULL, '2022-04-02 09:51:21'),
(14, 'KSUs OIE', NULL, '2022-04-02 10:02:38'),
(15, 'test', NULL, '2022-04-02 13:38:26'),
(20, 'Social Media', NULL, '2022-04-09 09:05:40'),
(22, 'Composite Wholes', NULL, '2022-04-12 08:46:25'),
(23, 'Trophy Hunting', NULL, '2022-04-15 23:01:02'),
(24, 'Smoking Ban in Public Space', NULL, '2022-04-16 00:14:44'),
(26, 'Abortion legal', NULL, '2022-06-25 12:32:45'),
(27, 'Gun safety laws', NULL, '2022-07-01 18:49:52'),
(28, 'Abortion moral', NULL, '2022-07-02 09:08:28'),
(29, 'Default Vada Structure', 'This is a sample Vada debate that uses all support means, a flag, and a thesis rival! Go nuts! :)', '2022-09-27 19:47:14'),
(31, 'My New Topic', NULL, '2023-02-09 19:19:41'),
(33, 'SB 202', NULL, '2023-02-19 18:32:58'),
(36, 'Abortion 3', NULL, '2023-02-23 13:43:06'),
(37, '<script>alert(1);</script>', NULL, '2023-02-28 13:35:15'),
(42, 'My Cool Test Topic', 'Here\'s the description! :)', '2023-03-04 20:52:32'),
(43, 'Topic Name 1', NULL, '2023-03-04 20:59:36'),
(45, 'BRAF', NULL, '2023-03-08 19:48:25'),
(47, 'T', NULL, '2023-03-29 23:03:17'),
(76, 'Abortion', 'It\'s another abortion topic!! :)', '2023-04-04 13:19:27'),
(78, 'NewTopic2', 'desc', '2023-04-06 18:34:41'),
(85, '<script>alert(1);</script>', 'desc', '2023-04-07 18:29:44'),
(89, 'Eech', '111', '2023-04-13 20:52:58'),
(99, 'GET GREAT DEALS AT scam.comGET GREAT DEALS AT scam.com', 'GET GREAT DEALS AT scam.comGET GREAT DEALS AT scam.comGET GREAT DEALS AT scam.comGET GREAT DEALS AT scam.comGET GREAT DEALS AT scam.comGET GREAT DEALS AT scam.comGET GREAT DEALS AT scam.comGET GREAT DEALS AT scam.com', '2023-04-20 13:12:18'),
(100, 'HI MY FIRST TOPIC', 'don\'t judge UmU', '2023-04-20 13:22:56'),
(101, 'COOL DEBATE PRACTICE', 'evil baby', '2023-04-20 13:23:29');
COMMIT;

INSERT INTO `Claim` (`id`, `subject`, `targetP`, `supportMeans`, `example`, `URL`, `reason`, `active`, `vidtimestamp`, `citation`, `transcription`, `ts`, `COS`, `topic_id`, `flag_type`, `flagged_id`, `rival_id`, `isRootRival`) VALUES
(1423, 'Orange juice', 'is a liquid', NULL, '', NULL, NULL, 1, NULL, NULL, NULL, '2022-02-22 17:33:59', 'claim', 1, NULL, NULL, NULL, 0),
(1424, 'Orange juice', NULL, 'Inference', 'water', 'Enter URL', 'flows', 1, 'Enter timestamp of specified material', ', , , ', 'Transcription ', '2022-02-22 17:33:59', 'support', 1, 'supporting', 1423, NULL, 0),
(1425, 'An automobile', 'is powered by gas', NULL, '', NULL, NULL, 1, NULL, NULL, NULL, '2022-02-22 17:38:47', 'claim', 1, NULL, NULL, NULL, 0),
(1426, 'An automobile', NULL, 'Inference', 'a lawnmower', 'Enter URL', 'can\'t move without gas', 1, 'Enter timestamp of specified material', ', , , ', 'Transcription ', '2022-02-22 17:38:47', 'support', 1, 'supporting', 1425, NULL, 0),
(1427, 'The dog', 'is barking', NULL, '', NULL, NULL, 0, NULL, NULL, NULL, '2022-02-22 17:41:04', 'claim', 1, NULL, NULL, 2383, 1),
(1428, 'The dog', NULL, 'Inference', 'a wolf', 'Enter URL', 'is nervous', 1, 'Enter timestamp of specified material', ', , , ', 'Transcription ', '2022-02-22 17:41:04', 'support', 1, 'supporting', 1427, NULL, 0),
(1429, 'My neighbor', 'is sick', NULL, '', NULL, NULL, 1, NULL, NULL, NULL, '2022-02-22 17:43:38', 'claim', 1, NULL, NULL, NULL, 0),
(1430, 'My neighbor', NULL, 'Inference', 'someone with a seasonal flu', 'Enter URL', 'has a high body temperature', 1, 'Enter timestamp of specified material', ', , , ', 'Transcription ', '2022-02-22 17:43:38', 'support', 1, 'supporting', 1429, NULL, 0),
(1431, 'The sneakers', 'are dirty', NULL, '', NULL, NULL, 1, NULL, NULL, NULL, '2022-02-22 17:45:22', 'claim', 1, NULL, NULL, NULL, 0),
(1432, 'The sneakers', NULL, 'Inference', 'puddles', 'Enter URL', 'are covered in mud', 1, 'Enter timestamp of specified material', ', , , ', 'Transcription ', '2022-02-22 17:45:22', 'support', 1, 'supporting', 1431, NULL, 0),
(1433, 'The glass', 'is wet', NULL, '', NULL, NULL, 1, NULL, NULL, NULL, '2022-02-22 17:49:47', 'claim', 1, NULL, NULL, NULL, 0),
(1434, 'The glass', NULL, 'Inference', 'a towel', 'Enter URL', 'is dripping with water', 1, 'Enter timestamp of specified material', ', , , ', 'Transcription ', '2022-02-22 17:49:47', 'support', 1, 'supporting', 1433, NULL, 0),
(1435, 'A desk', 'is very sturdy', NULL, '', NULL, NULL, 1, NULL, NULL, NULL, '2022-02-22 17:52:06', 'claim', 1, NULL, NULL, NULL, 0),
(1436, 'A desk', NULL, 'Inference', 'a bridge', 'Enter URL', 'holds up considerable weight', 1, 'Enter timestamp of specified material', ', , , ', 'Transcription ', '2022-02-22 17:52:06', 'support', 1, 'supporting', 1435, NULL, 0),
(1437, 'My stomach', 'hurts', NULL, '', NULL, NULL, 1, NULL, NULL, NULL, '2022-02-22 17:54:06', 'claim', 1, NULL, NULL, NULL, 0),
(1438, 'My stomach', NULL, 'Inference', 'people with lactose intolerance', 'Enter URL', 'is currently digesting gluten', 1, 'Enter timestamp of specified material', ', , , ', 'Transcription ', '2022-02-22 17:54:06', 'support', 1, 'supporting', 1437, NULL, 0),
(1439, 'Pineapple', 'does not belong on pizza', NULL, '', NULL, NULL, 1, NULL, NULL, NULL, '2022-02-22 18:21:01', 'claim', 2, NULL, NULL, NULL, 0),
(1440, 'Pineapple', NULL, 'Inference', 'blueberries', 'Enter URL', 'Berries do not belong on pizza', 1, 'Enter timestamp of specified material', ', , , ', 'Transcription ', '2022-02-22 18:21:01', 'support', 2, 'supporting', 1439, NULL, 0),
(1441, 'Red cars', 'get more speeding tickets', NULL, '', NULL, NULL, 0, NULL, NULL, NULL, '2022-02-22 18:23:44', 'claim', 2, NULL, NULL, 2359, 1),
(1442, 'Red cars', NULL, 'Inference', 'and are fast', 'Enter URL', 'Sports cars are red', 1, 'Enter timestamp of specified material', ', , , ', 'Transcription ', '2022-02-22 18:23:44', 'support', 2, 'supporting', 1441, NULL, 0),
(1443, 'Electric cars', 'should replace gas-powered cars', NULL, '', NULL, NULL, 1, NULL, NULL, NULL, '2022-02-22 18:26:27', 'claim', 2, NULL, NULL, NULL, 0),
(1444, 'Electric cars', NULL, 'Inference', 'reusable plastics', 'Enter URL', 'are better for the environment', 1, 'Enter timestamp of specified material', ', , , ', 'Transcription ', '2022-02-22 18:26:27', 'support', 2, 'supporting', 1443, NULL, 0),
(1445, 'Homework', 'is beneficial to students', NULL, '', NULL, NULL, 1, NULL, NULL, NULL, '2022-02-22 18:28:31', 'claim', 2, NULL, NULL, NULL, 0),
(1446, 'Homework', NULL, 'Inference', 'the success of valedictorians', 'Enter URL', 'gives students the ability to learn on their own', 1, 'Enter timestamp of specified material', ', , , ', 'Transcription ', '2022-02-22 18:28:31', 'support', 2, 'supporting', 1445, NULL, 0),
(1447, 'The shirt', 'caught the shirt on fire', NULL, '', NULL, NULL, 1, NULL, NULL, NULL, '2022-02-22 18:31:38', 'claim', 2, NULL, NULL, NULL, 0),
(1448, 'The shirt', NULL, 'Inference', 'the superglue', 'Enter URL', 'Smoke is coming off the shirt', 1, 'Enter timestamp of specified material', ', , , ', 'Transcription ', '2022-02-22 18:31:38', 'support', 2, 'supporting', 1447, NULL, 0),
(1449, 'Getting proper sleep', 'will result in greater energy and productivity the following day', NULL, '', NULL, NULL, 0, NULL, NULL, NULL, '2022-02-22 18:34:28', 'claim', 2, NULL, NULL, 2374, 1),
(1450, 'Getting proper sleep', NULL, 'Inference', 'I stay up late at night, therefore I will be tired tomorrow', 'Enter URL', 'the body and mind will be rested', 0, 'Enter timestamp of specified material', ', , , ', 'Transcription ', '2022-02-22 18:34:28', 'support', 2, 'supporting', 1449, NULL, 0),
(1451, 'Vaping', 'should be heavily regulated', NULL, '', NULL, NULL, 1, NULL, NULL, NULL, '2022-02-22 18:37:12', 'claim', 3, NULL, NULL, NULL, 0),
(1452, 'Vaping', NULL, 'Inference', 'cigarettes and alcohol', 'Enter URL', 'is addicting and causes health problems', 1, 'Enter timestamp of specified material', ', , , ', 'Transcription ', '2022-02-22 18:37:12', 'support', 3, 'supporting', 1451, NULL, 0),
(1453, 'Cameras', 'should be required in all daycares', NULL, '', NULL, NULL, 1, NULL, NULL, NULL, '2022-02-22 18:39:48', 'claim', 3, NULL, NULL, NULL, 0),
(1454, 'Cameras', NULL, 'Inference', 'daycare staff background checks', 'Enter URL', 'would deter acts of harm to children in daycares', 1, 'Enter timestamp of specified material', ', , , ', 'Transcription ', '2022-02-22 18:39:48', 'support', 3, 'supporting', 1453, NULL, 0),
(1455, 'Healthcare', 'should be entirely privatized', NULL, '', NULL, NULL, 1, NULL, NULL, NULL, '2022-02-22 18:41:43', 'claim', 3, NULL, NULL, NULL, 0),
(1456, 'Healthcare', NULL, 'Inference', 'delivery services', 'Enter URL', 'should be fast', 1, 'Enter timestamp of specified material', ', , , ', 'Transcription ', '2022-02-22 18:41:43', 'support', 3, 'supporting', 1455, NULL, 0),
(1457, 'Consuming medical marijuana', 'should be legal in the US', NULL, '', NULL, NULL, 1, NULL, NULL, NULL, '2022-02-22 18:44:27', 'claim', 3, NULL, NULL, NULL, 0),
(1458, 'Consuming medical marijuana', NULL, 'Inference', 'prescribing steroids to patients', 'Enter URL', 'has lots of health benefits', 1, 'Enter timestamp of specified material', ', , , ', 'Transcription ', '2022-02-22 18:44:27', 'support', 3, 'supporting', 1457, NULL, 0),
(1459, 'The Russian figure skater, Kamila Valieva,', 'should not be allowed to compete in the Olympics', NULL, '', NULL, NULL, 1, NULL, NULL, NULL, '2022-02-22 18:46:15', 'claim', 3, NULL, NULL, NULL, 0),
(1460, 'The Russian figure skater, Kamila Valieva,', NULL, 'Inference', 'Sha\'Carri Richardson in the 2020 Olympics', 'Enter URL', 'tested positive for a banned substance', 1, 'Enter timestamp of specified material', ', , , ', 'Transcription ', '2022-02-22 18:46:15', 'support', 3, 'supporting', 1459, NULL, 0),
(1461, 'Georgia\'s 2021 reform of its voting laws', 'is racist', NULL, '', NULL, NULL, 0, NULL, NULL, NULL, '2022-02-22 18:50:45', 'claim', 3, NULL, NULL, NULL, 0),
(1462, 'Georgia\'s 2021 reform of its voting laws', NULL, 'Inference', 'Jim Crow', 'Enter URL', 'disproportionately and substantially impedes voters of color from participating in elections', 0, 'Enter timestamp of specified material', ', , , ', 'Transcription ', '2022-02-22 18:50:45', 'support', 3, 'supporting', 1461, NULL, 0),
(1467, 'Marijuana', 'should be legalized', NULL, '', NULL, NULL, 0, NULL, NULL, NULL, '2022-03-10 20:22:02', 'claim', 5, NULL, NULL, 1469, 1),
(1468, 'Marijuana', NULL, 'Inference', 'Advil', 'Enter URL', 'is a safe drug that has health benefits', 1, 'Enter timestamp of specified material', ', , , ', 'Transcription ', '2022-03-10 20:22:02', 'support', 5, 'supporting', 1467, NULL, 0),
(1469, 'Marijuana', 'should not be legalized', NULL, '', NULL, NULL, 0, NULL, NULL, NULL, '2022-03-10 20:41:34', 'claim', 5, NULL, NULL, 1467, 1),
(1470, 'Marijuana', NULL, 'Inference', 'texting and driving', 'Enter URL', 'will cause a rise in car accidents', 0, 'Enter timestamp of specified material', 'Author, Title, Publication, Date of Publication', 'Transcription ', '2022-03-10 20:41:34', 'support', 5, 'supporting', 1469, NULL, 0),
(1471, 'Enter Subject', NULL, 'Inference', 'lower interest rates', 'Enter URL', 'is beneficial to the economy', 0, 'Enter timestamp of specified material', 'Author, Title, Publication, Date of Publication', 'Transcription ', '2022-03-10 20:47:54', 'support', 5, 'supporting', 1467, NULL, 0),
(1472, 'Enter Subject', NULL, 'Testimony', 'Enter Example', 'Enter URL', 'Enter Reason Property', 1, 'Enter timestamp of specified material', 'American Public Health Association (APHA) , Regulating Commercially Legalized Marijuana as a Public Health Priority, , Nov. 18, 2014', '\"Legal marijuana is regulated for consumer safety... Once marijuana is legalized, the government is able to enforce laboratory testing and regulations to ensure that marijuana is free of toxins\"', '2022-03-10 20:55:02', 'support', 5, 'supporting', 1467, NULL, 0),
(1473, 'Marijuana', 'will not cause a rise in car accidents', NULL, '', NULL, NULL, 1, NULL, NULL, NULL, '2022-03-10 20:59:01', 'claim', 5, 'ERROR: PERCEPTION OR TESTIMONY FLAG NOT ENTEREDERR', 1470, NULL, 0),
(1474, 'Marijuana', NULL, 'Testimony', 'Enter Example', 'Enter URL', 'Enter Reason Property', 1, 'Enter timestamp of specified material', 'Ronnie Cohen, After States Legalized Medical Marijuana, Traffic Deaths Fell, reuters.com, Dec. 28, 2016', '\"Traffic deaths and arrests for DUIs do not increase, and may decrease, when marijuana is legalized\"', '2022-03-10 20:59:01', 'support', 5, 'supporting', 1473, NULL, 0),
(1487, 'Physician assisted suicide', 'should be legal', NULL, '', NULL, NULL, 1, NULL, NULL, NULL, '2022-03-16 23:04:47', 'claim', 7, NULL, NULL, 1489, 1),
(1488, 'Physician assisted suicide', NULL, 'Inference', 'legal medicinal use of marijuana', 'Enter URL', 'allows terminally ill people to make their own decisions to decrease discomfort associated with their disease', 1, 'Enter timestamp of specified material', ', , , ', 'Transcription ', '2022-03-16 23:04:47', 'support', 7, 'supporting', 1487, NULL, 0),
(1489, 'Physician assisted suicide', 'should not be legal', NULL, '', NULL, NULL, 0, NULL, NULL, NULL, '2022-03-16 23:07:20', 'claim', 7, NULL, NULL, 1487, 1),
(1490, 'Physician assisted suicide', NULL, 'Inference', 'murder', 'Enter URL', 'forces doctors to violate the Hippocratic oath to do no harm', 0, 'Enter timestamp of specified material', 'Author, Title, Publication, Date of Publication', 'Transcription ', '2022-03-16 23:07:20', 'support', 7, 'supporting', 1489, NULL, 0),
(1491, 'Enter Subject', NULL, 'Inference', 'patient self-determination', 'Enter URL', 'allows the doctor to fulfill their fidelity to their patients wants', 1, 'Enter timestamp of specified material', 'Author, Title, Publication, Date of Publication', 'Transcription ', '2022-03-16 23:22:56', 'support', 7, 'supporting', 1487, NULL, 0),
(1492, 'Enter Subject', NULL, 'Inference', 'abortion', 'Enter URL', 'allows the patient to make decisions about their body without government intervention', 0, 'Enter timestamp of specified material', 'Author, Title, Publication, Date of Publication', 'Transcription ', '2022-03-16 23:26:41', 'support', 7, 'supporting', 1487, NULL, 0),
(1493, 'abortion', 'is regulated by the government ', NULL, '', NULL, NULL, 1, NULL, NULL, NULL, '2022-03-16 23:31:33', 'claim', 7, 'Too Narrow', 1492, NULL, 0),
(1494, 'abortion', NULL, 'Testimony', 'Enter Example', 'Enter URL', 'Enter Reason Property', 1, 'Enter timestamp of specified material', 'Cain, 86(R) HB 1500 - Introduced version, Texas Legislature Online, Date of Publication', '\"AN ACT relating to prohibiting abortions after detection of an unborn child ’s heartbeat and to requirements for performing or inducing an abortion; authorizing an administrative penalty; creating a\r\ncriminal offense.\"', '2022-03-16 23:31:33', 'support', 7, 'supporting', 1493, NULL, 0),
(1495, 'Physicians', 'are not forced to partake in the assisted suicide and may refuse to aid in the process, and therefore are not forced to violate the Hippocratic oath', NULL, '', NULL, NULL, 1, NULL, NULL, NULL, '2022-03-16 23:52:22', 'claim', 7, 'Itself Unestablished', 1490, NULL, 0),
(1496, 'Physicians', NULL, 'Testimony', 'Enter Example', 'Enter URL', 'Enter Reason Property', 1, 'Enter timestamp of specified material', 'Faith Lagay, PhD, Physician-Assisted Suicide: The Law and Professional Ethics, AMA Journal of Ethics: Illuminating the Art of Medicine, Jan., 2003', '\"Though a state may legalize physician-assisted suicide—or abortion, or capital punishment, for that matter—it cannot force doctors who oppose the practice on grounds of professional ethics or personal beliefs to participate.\"', '2022-03-16 23:52:22', 'support', 7, 'supporting', 1495, NULL, 0),
(1497, 'Gene editing on humans', 'is unethical', NULL, '', NULL, NULL, 0, NULL, NULL, NULL, '2022-03-16 23:55:04', 'claim', 8, NULL, NULL, 1499, 1),
(1498, 'Gene editing on humans', NULL, 'Inference', 'the death penalty', 'Enter URL', 'is tantamount to playing God', 1, 'Enter timestamp of specified material', ', , , ', 'Transcription ', '2022-03-16 23:55:04', 'support', 8, 'supporting', 1497, NULL, 0),
(1499, 'Gene editing on humans', 'is ethical', NULL, '', NULL, NULL, 0, NULL, NULL, NULL, '2022-03-16 23:56:32', 'claim', 8, NULL, NULL, 1497, 1),
(1500, 'Gene editing on humans', NULL, 'Inference', 'gene therapy', 'Enter URL', 'can cure genetic disease', 1, 'Enter timestamp of specified material', 'Author, Title, Publication, Date of Publication', 'Transcription ', '2022-03-16 23:56:32', 'support', 8, 'supporting', 1499, NULL, 0),
(1501, 'Gene editing', 'is a type of gene therapy', NULL, '', NULL, NULL, 0, NULL, NULL, NULL, '2022-03-16 23:58:46', 'claim', 8, 'Too Narrow', 1500, NULL, 0),
(1502, 'Gene editing', NULL, 'Testimony', 'Enter Example', 'Enter URL', 'Enter Reason Property', 1, 'Enter timestamp of specified material', 'Author, Gene Editing, American Society of Gene + Cell Therapy, 11/02/2021', '\"Simply put, gene editing is a type of gene therapy. They both target the cause of disease, such as a variant or mutation in a gene, by using genetic material to treat or prevent disease.\"', '2022-03-16 23:58:46', 'support', 8, 'supporting', 1501, NULL, 0),
(1505, 'Abortion', 'is a human right', NULL, '', NULL, NULL, 0, NULL, NULL, NULL, '2022-03-26 12:40:44', 'claim', 9, NULL, NULL, 1507, 1),
(1506, 'Abortion', NULL, 'Inference', 'freedom from slavery', 'Enter URL', 'is a matter of body autonomy', 1, 'Enter timestamp of specified material', ', , , ', 'Transcription ', '2022-03-26 12:40:44', 'support', 9, 'supporting', 1505, NULL, 0),
(1507, 'Abortion', 'is not a human right', NULL, '', NULL, NULL, 0, NULL, NULL, NULL, '2022-03-26 12:45:29', 'claim', 9, NULL, NULL, 1505, 1),
(1508, 'Abortion', NULL, 'Inference', 'murder', 'Enter URL', 'is killing an innocent person', 0, 'Enter timestamp of specified material', 'Author, Title, Publication, Date of Publication', 'Transcription ', '2022-03-26 12:45:29', 'support', 9, 'supporting', 1507, NULL, 0),
(1509, 'Abortion', 'is not killing a person', NULL, '', NULL, NULL, 1, NULL, NULL, NULL, '2022-03-26 13:03:51', 'claim', 9, 'Itself Unestablished', 1508, NULL, 0),
(1510, 'Abortion', NULL, 'Testimony', 'Enter Example', 'Enter URL', 'Enter Reason Property', 1, 'Enter timestamp of specified material', 'MR. JUSTICE BLACKMUN, Roe v. Wade Opinion, Supreme Court Reporter, January 22, 1973', '“the word ‘person,’ as used in the Fourteenth Amendment [of the US Constitution], does not include the unborn.”', '2022-03-26 13:03:51', 'support', 9, 'supporting', 1509, NULL, 0),
(1511, 'The underground economy', 'is beneficial to the economy and illegal', NULL, '', NULL, NULL, 1, NULL, NULL, NULL, '2022-03-26 13:14:46', 'claim', 5, 'Counterexample', 1471, NULL, 0),
(1512, 'The underground economy', NULL, 'Testimony', 'Enter Example', 'Enter URL', 'Enter Reason Property', 1, 'Enter timestamp of specified material', 'Will Kenton, Underground Economy, Investopedia, March 22, 2022', '\"While estimates vary, some put the underground economy at 11% to 12% of U.S. gross domestic product (GDP), or roughly $2.25 trillion to $2.5 trillion... Dealing in illegal drugs, human trafficking, endangered species, human organs, antiquities, and stolen goods are examples of activities in the underground economy.\"', '2022-03-26 13:14:46', 'support', 5, 'supporting', 1511, NULL, 0),
(1513, 'Enter Subject', NULL, 'Inference', 'heroin', 'Enter URL', 'is addictive', 0, 'Enter timestamp of specified material', 'Author, Title, Publication, Date of Publication', 'Transcription ', '2022-03-26 13:16:44', 'support', 5, 'supporting', 1469, NULL, 0),
(1514, 'Nicotine', 'is addictive and legal', NULL, '', NULL, NULL, 1, NULL, NULL, NULL, '2022-03-26 13:18:21', 'claim', 5, 'Counterexample', 1513, NULL, 0),
(1515, 'Nicotine', NULL, 'Tarka', 'Enter Example', 'Enter URL', 'Enter Reason Property', 1, 'Enter timestamp of specified material', 'Author, Title, Publication, Date of Publication', 'Transcription ', '2022-03-26 13:18:21', 'support', 5, 'supporting', 1514, NULL, 0),
(1516, 'Enter Subject', NULL, 'Inference', 'prescription pills', 'Enter URL', 'is a gateway drug', 1, 'Enter timestamp of specified material', 'Author, Title, Publication, Date of Publication', 'Transcription ', '2022-03-26 13:21:38', 'support', 5, 'supporting', 1469, NULL, 0),
(1517, 'prescription pills', 'are legal', NULL, '', NULL, NULL, 0, NULL, NULL, NULL, '2022-03-26 13:23:22', 'claim', 5, 'Too Narrow', 1516, 1519, 0),
(1518, 'prescription pills', NULL, 'Tarka', 'Enter Example', 'Enter URL', 'Enter Reason Property', 1, 'Enter timestamp of specified material', 'Author, Title, Publication, Date of Publication', 'Transcription ', '2022-03-26 13:23:22', 'support', 5, 'supporting', 1517, NULL, 0),
(1519, 'prescription pills', 'are not illegal', NULL, '', NULL, NULL, 0, NULL, NULL, NULL, '2022-03-26 13:28:10', 'claim', 5, NULL, NULL, 1517, 0),
(1520, 'prescription pills', NULL, 'Testimony', 'Enter Example', 'Enter URL', 'Enter Reason Property', 1, 'Enter timestamp of specified material', 'Christopher Coble, Esq. , Is It Illegal to Share or Give Away Prescription Drugs?, FindLaw, March 29, 2017', '\"certain drugs are legal with a prescription...that prescription is pretty important. The prescription allows the person named on the script, and only that person, to possess and consumer medication or drugs.\"', '2022-03-26 13:28:10', 'support', 5, 'supporting', 1519, NULL, 0),
(1521, 'Enter Subject', NULL, 'Inference', 'antibiotics', 'Enter URL', 'can extend the human lifespan', 1, 'Enter timestamp of specified material', 'Author, Title, Publication, Date of Publication', 'Transcription ', '2022-03-26 13:30:34', 'support', 8, 'supporting', 1499, NULL, 0),
(1522, 'Enter Subject', NULL, 'Inference', 'drinking alcohol during pregnancy', 'Enter URL', 'can lead to complications like miscarriage, premature birth, and stillbirth', 1, 'Enter timestamp of specified material', 'Author, Title, Publication, Date of Publication', 'Transcription ', '2022-03-26 13:34:12', 'support', 8, 'supporting', 1497, NULL, 0),
(1523, 'Enter Subject', NULL, 'Inference', 'Hitler\'s genocide of an ethnicity to favor the growth of a specific group of people he called the \"Aryan race.\"', 'Enter URL', 'encourages homogeneity in humans, favoring a specific genome', 1, 'Enter timestamp of specified material', 'Author, Title, Publication, Date of Publication', 'Transcription ', '2022-03-26 13:40:44', 'support', 8, 'supporting', 1497, NULL, 0),
(1524, 'Enter Subject', NULL, 'Inference', 'highly retouched magazine photos', 'Enter URL', 'allows rich people to influence societal standards', 1, 'Enter timestamp of specified material', 'Author, Title, Publication, Date of Publication', 'Transcription ', '2022-03-26 13:49:52', 'support', 8, 'supporting', 1497, NULL, 0),
(1525, 'Enter Subject', NULL, 'Testimony', 'Enter Example', 'Enter URL', 'Enter Reason Property', 1, 'Enter timestamp of specified material', 'Catherine Racowsky, professor of obstetrics, gynecology and reproductive biology at Brigham and Women’s Hospital, Harvard researchers, others share their views on key issues in the field, The Harvard Gazette, January 9, 2019', '“Until the work is done, carefully and with tight oversight, to understand any off-target effects of replacing or removing a particular gene, it is inappropriate to apply the technology in the clinical field. My understanding of Dr. He’s case is that there wasn’t a known condition in these embryos, and by editing the genes involved with HIV infection, he could also have increased the risks of susceptibility to influenza and West Nile viruses.', '2022-03-26 13:55:46', 'support', 8, 'supporting', 1497, NULL, 0),
(1526, 'Enter Subject', NULL, 'Inference', 'In vitro fertilization (IVF)', 'Enter URL', 'is a matter of fulfilling reproductive desires', 1, 'Enter timestamp of specified material', 'Author, Title, Publication, Date of Publication', 'Transcription ', '2022-03-26 14:03:26', 'support', 8, 'supporting', 1499, NULL, 0),
(1527, 'Tuition-Free College', 'should be implemented in the United States', NULL, '', NULL, NULL, 0, NULL, NULL, NULL, '2022-03-26 14:32:45', 'claim', 10, NULL, NULL, 1529, 1),
(1528, 'Tuition-Free College', NULL, 'Inference', 'American Opportunity Tax Credit', 'Enter URL', 'Increases access to education', 1, 'Enter timestamp of specified material', ', , , ', 'Transcription ', '2022-03-26 14:32:45', 'support', 10, 'supporting', 1527, NULL, 0),
(1529, 'Tuition-Free College', 'should not be implemented in the United States', NULL, '', NULL, NULL, 0, NULL, NULL, NULL, '2022-03-26 14:52:59', 'claim', 10, NULL, NULL, 1527, 1),
(1530, 'Tuition-Free College', NULL, 'Inference', 'banning books', 'Enter URL', 'causes a decline in the quality of education', 1, 'Enter timestamp of specified material', 'Author, Title, Publication, Date of Publication', 'Transcription ', '2022-03-26 14:52:59', 'support', 10, 'supporting', 1529, NULL, 0),
(1531, 'Enter Subject', NULL, 'Inference', 'progressive taxes', 'Enter URL', 'could reduce income inequality', 1, 'Enter timestamp of specified material', 'Author, Title, Publication, Date of Publication', 'Transcription ', '2022-03-26 14:54:41', 'support', 10, 'supporting', 1527, NULL, 0),
(1532, 'Enter Subject', NULL, 'Inference', 'free monetary handouts', 'Enter URL', 'forces tax-payers to pay for another person\'s responsibility', 0, 'Enter timestamp of specified material', 'Author, Title, Publication, Date of Publication', 'Transcription ', '2022-03-26 15:00:06', 'support', 10, 'supporting', 1529, NULL, 0),
(1533, 'social security', 'forces tax-payers to pay for another person\'s income', NULL, '', NULL, NULL, 1, NULL, NULL, NULL, '2022-03-26 15:00:59', 'claim', 10, 'Counterexample', 1532, NULL, 0),
(1534, 'social security', NULL, 'Tarka', 'Enter Example', 'Enter URL', 'Enter Reason Property', 1, 'Enter timestamp of specified material', 'Author, Title, Publication, Date of Publication', 'Transcription ', '2022-03-26 15:00:59', 'support', 10, 'supporting', 1533, NULL, 0),
(1535, 'The hill', 'is on fire', NULL, '', NULL, NULL, 1, NULL, NULL, NULL, '2022-03-26 15:44:48', 'claim', 11, NULL, NULL, NULL, 0),
(1536, 'The hill', 'is on fire', 'Inference', 'kitchen', 'Enter URL', 'has smoke', 1, 'Enter timestamp of specified material', ', , , ', 'Transcription ', '2022-03-26 15:44:48', 'support', 11, 'supporting', 1535, NULL, 0),
(1537, 'The hill', 'is on fire', 'Inference', 'candle', 'Enter URL', 'has flames', 0, 'Enter timestamp of specified material', 'Author, Title, Publication, Date of Publication', 'Transcription ', '2022-03-26 15:45:27', 'support', 11, 'supporting', 1535, NULL, 0),
(1538, 'The hill', 'is not known to exist', NULL, '', NULL, NULL, 1, NULL, NULL, NULL, '2022-03-26 15:47:53', 'claim', 11, 'Unestablished Subject', 1537, NULL, 0),
(1539, 'The hill', 'is not known to exist', 'Tarka', 'Enter Example', 'Enter URL', 'Enter Reason Property', 1, 'Enter timestamp of specified material', 'Author, Title, Publication, Date of Publication', 'Transcription ', '2022-03-26 15:47:53', 'support', 11, 'supporting', 1538, NULL, 0),
(1544, 'The Death Penalty', 'should be abolished', NULL, '', NULL, NULL, 0, NULL, NULL, NULL, '2022-04-02 13:51:21', 'claim', 13, NULL, NULL, 1546, 1),
(1545, 'The Death Penalty', 'should be abolished', 'Inference', 'murder', 'Enter URL', 'could kill an innocent person', 1, 'Enter timestamp of specified material', ', , , ', 'Transcription ', '2022-04-02 13:51:21', 'support', 13, 'supporting', 1544, NULL, 0),
(1546, 'The Death Penalty', 'should not be abolished', NULL, '', NULL, NULL, 0, NULL, NULL, NULL, '2022-04-02 13:53:53', 'claim', 13, NULL, NULL, 1544, 1),
(1547, 'The Death Penalty', 'should not be abolished', 'Inference', 'genetic modification in \'designer babies\'', 'Enter URL', 'is tantamount to playing god', 0, 'Enter timestamp of specified material', 'Author, Title, Publication, Date of Publication', 'Transcription ', '2022-04-02 13:53:53', 'support', 13, 'supporting', 1546, NULL, 0),
(1548, 'The Death Penalty', 'should be abolished', NULL, '', NULL, NULL, 1, NULL, NULL, NULL, '2022-04-02 13:56:13', 'claim', 13, 'Hostile', 1547, NULL, 0),
(1549, 'The Death Penalty', 'should be abolished', 'Inference', 'murder', 'Enter URL', 'is tantamount to playing god', 1, 'Enter timestamp of specified material', 'Author, Title, Publication, Date of Publication', 'Transcription ', '2022-04-02 13:56:13', 'support', 13, 'supporting', 1548, NULL, 0),
(1550, 'The Death Penalty', 'should not be abolished', 'Inference', 'prison sentences', 'Enter URL', 'deters crime', 0, 'Enter timestamp of specified material', 'Author, Title, Publication, Date of Publication', 'Transcription ', '2022-04-02 13:57:49', 'support', 13, 'supporting', 1546, NULL, 0),
(1551, 'The Death Penalty', 'should not be abolished', 'Inference', 'monetary compensation', 'Enter URL', 'offers the victim a sense of justice', 0, 'Enter timestamp of specified material', 'Author, Title, Publication, Date of Publication', 'Transcription ', '2022-04-02 13:58:55', 'support', 13, 'supporting', 1546, NULL, 0),
(1552, 'The Death Penalty', 'should be abolished', 'Inference', 'torture', 'Enter URL', 'is cruel and unusual punishment', 0, 'Enter timestamp of specified material', 'Author, Title, Publication, Date of Publication', 'Transcription ', '2022-04-02 14:01:15', 'support', 13, 'supporting', 1544, NULL, 0),
(1553, 'KSU\'s Office of Institutional Equity', 'violates KSU\'s non-discrimination policies', NULL, '', NULL, NULL, 0, NULL, NULL, NULL, '2022-04-02 14:02:38', 'claim', 14, NULL, NULL, NULL, 0),
(1554, 'KSU\'s Office of Institutional Equity', 'violates KSU\'s non-discrimination policies', 'Inference', 'an abusive colleague', 'Enter URL', 'willfully disregards, delays, or thwarts discrimination investigations and makes false statements during discrimination investigations', 0, 'Enter timestamp of specified material', ', , , ', 'Transcription ', '2022-04-02 14:02:38', 'support', 14, 'supporting', 1553, NULL, 0),
(1555, 'The Death Penalty', 'should be abolished', 'Inference', 'tax evasion', 'Enter URL', 'is immoral', 0, 'Enter timestamp of specified material', 'Author, Title, Publication, Date of Publication', 'Transcription ', '2022-04-02 14:04:15', 'support', 13, 'supporting', 1544, NULL, 0),
(1556, 'Cheating on your spouse', 'is immoral but is not abolished', NULL, '', NULL, NULL, 1, NULL, NULL, NULL, '2022-04-02 14:05:13', 'claim', 13, 'Counterexample', 1555, NULL, 0),
(1557, 'Cheating on your spouse', 'is immoral but is not abolished', 'Tarka', 'Enter Example', 'Enter URL', 'Enter Reason Property', 1, 'Enter timestamp of specified material', 'Author, Title, Publication, Date of Publication', 'Transcription ', '2022-04-02 14:05:13', 'support', 13, 'supporting', 1556, NULL, 0),
(1558, 'KSU\'s Office of Institutional Equity', 'does not willfully delay discrimination investigations', NULL, '', NULL, NULL, 0, NULL, NULL, NULL, '2022-04-02 14:20:25', 'claim', 14, 'Itself Unestablished', 1554, NULL, 0),
(1559, 'KSU\'s Office of Institutional Equity', 'does not willfully delay discrimination investigations', 'Testimony', 'Enter Example', 'Enter URL', 'Enter Reason Property', 0, 'Enter timestamp of specified material', ', Processing, Investigation, and Resolution of Discrimination, Harassment, and Sexual Misconduct Complaints , , Accessed on 4-2-2022', '\"The amount of time needed to conduct investigations depends in part on the nature of the allegation(s) and the evidence to be investigated (e.g., the scope of the allegations, the time period and number of events implicated by or relevant to complaints, the number or availability of witnesses involved and the volume of documents).\"', '2022-04-02 14:20:25', 'support', 14, 'supporting', 1558, NULL, 0),
(1560, 'KSU\'s Office of Institutional Equity', 'does not willfully disregard discrimination investigations', NULL, '', NULL, NULL, 1, NULL, NULL, NULL, '2022-04-02 14:41:02', 'claim', 14, 'Itself Unestablished', 1554, NULL, 0),
(1561, 'KSU\'s Office of Institutional Equity', 'does not willfully disregard discrimination investigations', 'Testimony', 'Enter Example', 'Enter URL', 'Enter Reason Property', 1, 'Enter timestamp of specified material', ', Processing, Investigation, and Resolution of Discrimination, Harassment, and Sexual Misconduct Complaints , , Accessed on 4-2-2022', '\r\n\r\n    Home\r\n    About\r\n    Institutional Equity/Title IX\r\n        Non-Discrimination Policy\r\n        Title IX/Sexual Misconduct Policy\r\n        Process and Procedures\r\n        Support Services\r\n        Pregnant and Parenting Students\r\n    Reporting\r\n    Annual Security and Fire Safety Report\r\n\r\nProcess and Procedures\r\nProcessing, Investigation, and Resolution of Discrimination, Harassment, and Sexual Misconduct Complaints\r\n\r\nThe University’s complaint process, outlined herein, is the procedure used to investigate complaints or reports of discrimination and harassment, end any discrimination and/or harassment found, remedy the effects of discrimination and harassment, and prevent any recurrence or retaliation. This process applies to all complaints of discrimination and harassment except sexual misconduct complaints against students. \r\n\r\nThese procedures do not replace the right of the complainant to file complaints or seek remedies available under state or federal law. Please note that Complaints that do not meet the threshold under Title IX can be investigated under the general Sexual Misconduct Policy or other university policies. \r\n\r\nUniversity students and employees identified as witnesses are required to fully cooperate with an investigation. Any member of the University community who willfully disregards, delays, or thwarts an investigation, or makes false statements during an investigation, may be found in violation of a Kennesaw State University (\"KSU\") policy and subject to disciplinary action.\r\n\r\nInformation obtained during the course of the complaint process will be shared only to the extent necessary to conduct a thorough, fair, and impartial investigation.\r\n1) Interim Measures\r\n\r\nAfter OIE receives a complaint, the Director of Institutional Equity & Title IX Coordinator (\"Director\"), or his/her designee, may implement interim protective measures before the final outcome of an investigation if failure to take the interim measures would constitute a threat to the safety and well-being of the complainant or other members of the University community. Additionally, the Director, or his/her designee, may implement interim protective measures to ensure equal access to the University’s education programs and activities. Such interim measures are not an indication that a violation of the Non-Discrimination and/or Sexual Misconduct Policies has occurred. Interim measures will remain effective during the investigation process, and can be extended further if in the best interests of the parties and campus community.\r\n2) Initiating an Investigation\r\n\r\nAs part of the fact-finding process, the investigator will:\r\n\r\nConduct and initial intake interview to obtain additional information regarding the alleged behavior, provide complainant(s) with information on where to access the Non-Discrimination and/or Sexual Misconduct Policy or provide a copy of the policy;\r\nDetermine whether the complainant\'s allegations fall under the policy and, if they do not, refer complainant to the appropriate University or off-campus resources;\r\nInform respondents of complaints brought against them and, upon request, provide respondents with information on where to access the policy or provide a copy of the policy; and,\r\nInform all parties of the University’s Non-Retaliation Policy.\r\n3) Informal Process\r\n\r\nThe informal process is an opportunity to bring resolution to a complaint through awareness, education, and/or a facilitated discussion. Informal resolution may be appropriate if the complainant, respondent, and Director or his/her designee all agree. \r\n\r\nDuring an informal process, fact-finding occurs to the extent necessary to resolve the conflict and protect the interest of the parties and the University community, but the process stops short of a determination of whether a policy has been violated. Instead, the focus is on finding resolutions that might end the conflict to the satisfaction of all parties involved and the University. The complainant or respondent always has the option to end the informal process and request a formal process.\r\n\r\nInformal resolutions may include, but are not limited to:\r\n\r\n    Training;\r\n    Changes to work or academic arrangements;\r\n    Housing reassignment;\r\n    Informal discussion with person whose conduct, if not stopped, could rise to the level of discrimination or harassment; and/or\r\n    Advisory discussion with the respondent’s supervisor, professor or advisor.\r\n     \r\n\r\n4) Formal Process\r\n\r\nAll complaints that are not resolved through the informal process may be resolved through a formal process involving a full investigation conducted by an assigned investigator.\r\n\r\nAs part of the formal process, the investigator will:\r\n\r\n    Inform complainants and respondents of their right to be interviewed and provide evidence;\r\n    Obtain information and evidence, including the identity of any witnesses, from complainants and the respondents;\r\n    Attempt to obtain information from the identified witnesses;\r\n    Collect and maintain appropriate documentation;\r\n    Only disclose appropriate information to others on a need-to-know basis; and,\r\n    Keep the appropriate supervisors/administrators/faculty informed of the status of\r\n    investigations.\r\n', '2022-04-02 14:41:02', 'support', 14, 'supporting', 1560, NULL, 0),
(1562, 'Marijuana', 'should be legalized', 'Inference', 'aspirin', 'Enter URL', 'can treat many different ailments', 1, 'Enter timestamp of specified material', 'Author, Title, Publication, Date of Publication', 'Transcription ', '2022-04-02 14:43:57', 'support', 5, 'supporting', 1467, NULL, 0),
(1563, 'KSU\'s Office of Institutional Equity', 'does not willfully thwart discrimination investigations', NULL, '', NULL, NULL, 1, NULL, NULL, NULL, '2022-04-02 14:44:30', 'claim', 14, 'Itself Unestablished', 1554, NULL, 0),
(1564, 'KSU\'s Office of Institutional Equity', 'does not willfully thwart discrimination investigations', 'Testimony', 'Enter Example', 'Enter URL', 'Enter Reason Property', 1, 'Enter timestamp of specified material', ', Processing, Investigation, and Resolution of Discrimination, Harassment, and Sexual Misconduct Complaints , , Accessed on 4-2-2022', 'All complaints that are not resolved through the informal process may be resolved through a formal process involving a full investigation conducted by an assigned investigator.\r\n\r\nAs part of the formal process, the investigator will:\r\n\r\n    Inform complainants and respondents of their right to be interviewed and provide evidence;\r\n    Obtain information and evidence, including the identity of any witnesses, from complainants and the respondents;\r\n    Attempt to obtain information from the identified witnesses;\r\n    Collect and maintain appropriate documentation;\r\n    Only disclose appropriate information to others on a need-to-know basis; and,\r\n    Keep the appropriate supervisors/administrators/faculty informed of the status of\r\n    investigations.\r\n', '2022-04-02 14:44:30', 'support', 14, 'supporting', 1563, NULL, 0),
(1567, 'KSU\'s Office of Institutional Equity', 'does not willfully make false statements during discrimination investigations', NULL, '', NULL, NULL, 1, NULL, NULL, NULL, '2022-04-02 14:54:06', 'claim', 14, 'Itself Unestablished', 1554, NULL, 0),
(1568, 'KSU\'s Office of Institutional Equity', 'does not willfully make false statements during discrimination investigations', 'Testimony', 'Enter Example', 'Enter URL', 'Enter Reason Property', 1, 'Enter timestamp of specified material', ', Processing, Investigation, and Resolution of Discrimination, Harassment, and Sexual Misconduct Complaints, , Accessed on 4-2-2022', 'All complaints that are not resolved through the informal process may be resolved through a formal process involving a full investigation conducted by an assigned investigator.\r\n\r\nAs part of the formal process, the investigator will:\r\n\r\n    Inform complainants and respondents of their right to be interviewed and provide evidence;\r\n    Obtain information and evidence, including the identity of any witnesses, from complainants and the respondents;\r\n    Attempt to obtain information from the identified witnesses;\r\n    Collect and maintain appropriate documentation;\r\n    Only disclose appropriate information to others on a need-to-know basis; and,\r\n    Keep the appropriate supervisors/administrators/faculty informed of the status of\r\n    investigations.\r\n', '2022-04-02 14:54:06', 'support', 14, 'supporting', 1567, NULL, 0),
(1570, 'The Death Penalty', 'is not cruel and unusual punishment', NULL, '', NULL, NULL, 1, NULL, NULL, NULL, '2022-04-02 15:09:58', 'claim', 13, 'Itself Unestablished', 1552, NULL, 0),
(1571, 'The Death Penalty', 'is not cruel and unusual punishment', 'Testimony', 'Enter Example', 'Enter URL', 'Enter Reason Property', 1, 'Enter timestamp of specified material', 'Legal Information Institute, Death Penalty, Cornell Law School, ', '\"The Supreme Court has ruled that the death penalty does not violate the Eighth Amendment\'s ban on cruel and unusual punishment...\"', '2022-04-02 15:09:58', 'support', 13, 'supporting', 1570, NULL, 0),
(1572, 'Marijuana', 'should not be legalized', 'Inference', 'dummy', 'Enter URL', 'dummy', 1, 'Enter timestamp of specified material', 'Author, Title, Publication, Date of Publication', 'Transcription ', '2022-04-02 17:26:36', 'support', 5, 'supporting', 1469, NULL, 0),
(1573, 'test', 'test', NULL, '', NULL, NULL, 0, NULL, NULL, NULL, '2022-04-02 17:38:26', 'claim', 15, NULL, NULL, 2434, 1),
(1574, 'test', 'test', 'Inference', 'test', 'Enter URL', 'test', 1, 'Enter timestamp of specified material', ', , , ', 'Transcription ', '2022-04-02 17:38:26', 'support', 15, 'supporting', 1573, NULL, 0),
(1575, 'test', 'test', NULL, '', NULL, NULL, 0, NULL, NULL, NULL, '2022-04-02 17:38:59', 'claim', 15, NULL, NULL, 1573, 1),
(1576, 'test', 'test', 'Inference', 'test', 'Enter URL', 'test', 0, 'Enter timestamp of specified material', 'Author, Title, Publication, Date of Publication', 'Transcription ', '2022-04-02 17:38:59', 'support', 15, 'supporting', 1575, NULL, 0),
(1577, 'test', 'test', 'Inference', 'test', 'Enter URL', 'test', 0, 'Enter timestamp of specified material', 'Author, Title, Publication, Date of Publication', 'Transcription ', '2022-04-02 17:39:39', 'support', 15, 'supporting', 1575, NULL, 0),
(1578, 'test', 'test', 'Inference', 'test', 'Enter URL', 'test', 1, 'Enter timestamp of specified material', 'Author, Title, Publication, Date of Publication', 'Transcription ', '2022-04-02 17:39:57', 'support', 15, 'supporting', 1575, NULL, 0),
(1579, 'test', 'test', NULL, '', NULL, NULL, 1, NULL, NULL, NULL, '2022-04-02 17:40:24', 'claim', 15, 'Unestablished Subject', 1576, NULL, 0),
(1580, 'test', 'test', 'Tarka', 'Enter Example', 'Enter URL', 'Enter Reason Property', 1, 'Enter timestamp of specified material', 'Author, Title, Publication, Date of Publication', 'Transcription ', '2022-04-02 17:40:24', 'support', 15, 'supporting', 1579, NULL, 0),
(1581, 'df', 'fsdf', NULL, '', NULL, NULL, 1, NULL, NULL, NULL, '2022-04-02 17:41:05', 'claim', 15, 'Too Narrow', 1576, NULL, 0),
(1582, 'df', 'fsdf', 'Tarka', 'Enter Example', 'Enter URL', 'Enter Reason Property', 1, 'Enter timestamp of specified material', 'Author, Title, Publication, Date of Publication', 'Transcription ', '2022-04-02 17:41:05', 'support', 15, 'supporting', 1581, NULL, 0),
(1583, 'sfd', 'Enter Target fsdf', NULL, '', NULL, NULL, 1, NULL, NULL, NULL, '2022-04-02 17:41:25', 'claim', 15, 'Unestablished Subject', 1576, NULL, 0),
(1584, 'sfd', 'Enter Target fsdf', 'Tarka', 'Enter Example', 'Enter URL', 'Enter Reason Property', 1, 'Enter timestamp of specified material', 'Author, Title, Publication, Date of Publication', 'Transcription ', '2022-04-02 17:41:25', 'support', 15, 'supporting', 1583, NULL, 0),
(1585, 'seg', 'gseg', NULL, '', NULL, NULL, 0, NULL, NULL, NULL, '2022-04-02 17:41:51', 'claim', 15, 'Itself Unestablished', 1576, 1840, 0),
(1586, 'seg', 'gseg', 'Tarka', 'Enter Example', 'Enter URL', 'Enter Reason Property', 1, 'Enter timestamp of specified material', 'Author, Title, Publication, Date of Publication', 'Transcription ', '2022-04-02 17:41:51', 'support', 15, 'supporting', 1585, NULL, 0),
(1587, 'jn', 'jnk', NULL, '', NULL, NULL, 1, NULL, NULL, NULL, '2022-04-02 17:45:18', 'claim', 15, 'Itself Unestablished', 1577, NULL, 0),
(1588, 'jn', 'jnk', 'Tarka', 'Enter Example', 'Enter URL', 'Enter Reason Property', 1, 'Enter timestamp of specified material', 'Author, Title, Publication, Date of Publication', 'Transcription ', '2022-04-02 17:45:18', 'support', 15, 'supporting', 1587, NULL, 0),
(1589, 'kjgsg', 'sgfsrg', NULL, '', NULL, NULL, 1, NULL, NULL, NULL, '2022-04-02 17:45:55', 'claim', 15, 'Counterexample', 1577, NULL, 0),
(1590, 'kjgsg', 'sgfsrg', 'Tarka', 'Enter Example', 'Enter URL', 'Enter Reason Property', 1, 'Enter timestamp of specified material', 'Author, Title, Publication, Date of Publication', 'Transcription ', '2022-04-02 17:45:55', 'support', 15, 'supporting', 1589, NULL, 0),
(1591, 'Enter dsfs', 'efsf', NULL, '', NULL, NULL, 0, NULL, NULL, NULL, '2022-04-02 17:46:13', 'claim', 15, 'Unestablished Universal', 1574, NULL, 0),
(1592, 'Enter dsfs', 'efsf', 'Tarka', 'Enter Example', 'Enter URL', 'Enter Reason Property', 1, 'Enter timestamp of specified material', 'Author, Title, Publication, Date of Publication', 'Transcription ', '2022-04-02 17:46:13', 'support', 15, 'supporting', 1591, NULL, 0),
(1593, 'KSU\'s OIE', 'started its investigation into Natallia\'s complaint in February but didn\'t release its results until the following December.', NULL, '', NULL, NULL, 1, NULL, NULL, NULL, '2022-04-02 19:09:52', 'claim', 14, 'Errant Info', 1559, NULL, 0),
(1594, 'KSU\'s OIE', 'started its investigation into Natallia\'s complaint in February but didn\'t release its results until the following December.', 'Testimony', 'Enter Example', 'Enter URL', 'Enter Reason Property', 1, 'Enter timestamp of specified material', 'Author, Title, Publication, Date of Publication', 'Transcription ', '2022-04-02 19:09:52', 'support', 14, 'supporting', 1593, NULL, 0),
(1595, 'KSU\'s OIE', 'started its investigation into Louise\'s complaint in February but didn\'t release its report until December', NULL, '', NULL, NULL, 1, NULL, NULL, NULL, '2022-04-02 19:10:55', 'claim', 14, 'Errant Info', 1559, NULL, 0),
(1596, 'KSU\'s OIE', 'started its investigation into Louise\'s complaint in February but didn\'t release its report until December', 'Testimony', 'Enter Example', 'Enter URL', 'Enter Reason Property', 1, 'Enter timestamp of specified material', 'Author, Title, Publication, Date of Publication', 'Transcription ', '2022-04-02 19:10:55', 'support', 14, 'supporting', 1595, NULL, 0),
(1597, 'KSU\'s OIE appeal process', 'is a sham', NULL, '', NULL, NULL, 1, NULL, NULL, NULL, '2022-04-02 19:14:01', 'claim', 14, NULL, NULL, NULL, 0),
(1598, 'KSU\'s OIE appeal process', 'is a sham', 'Inference', 'a play', 'Enter URL', 'disregards truth and is solely performative', 1, 'Enter timestamp of specified material', ', , , ', 'Transcription ', '2022-04-02 19:14:01', 'support', 14, 'supporting', 1597, NULL, 0),
(1612, 'Marijuana', 'should be legalized', 'Inference', 'reading', 'Enter URL', 'is enjoyable and does not harm anyone else', 0, 'Enter timestamp of specified material', 'Author, Title, Publication, Date of Publication', 'Transcription ', '2022-04-08 17:56:08', 'support', 5, 'supporting', 1467, NULL, 0),
(1613, 'Marijuana', 'should be legalized', 'Inference', 'gasoline', 'Enter URL', '\'s tax revenue can pay for increasing the quality of things like public education ', 1, 'Enter timestamp of specified material', 'Author, Title, Publication, Date of Publication', 'Transcription ', '2022-04-08 17:58:14', 'support', 5, 'supporting', 1467, NULL, 0),
(1614, 'Marijuana', 'does harm others', NULL, '', NULL, NULL, 1, NULL, NULL, NULL, '2022-04-08 18:04:06', 'claim', 5, 'Itself Unestablished', 1612, NULL, 0),
(1615, 'Marijuana', 'does harm others', 'Testimony', 'Enter Example', 'Enter URL', 'Enter Reason Property', 1, 'Enter timestamp of specified material', ', Exposure to Secondhand Smoke from Marijuana is Dangerous, Tobacco Free CA, July 6, 2021', '\"While there is a lot of research underway about marijuana and potential health benefits and harms, one thing is very clear: marijuana secondhand smoke is harmful to people around it.It has significantly higher amounts of toxic chemicals such as tar and ammonia, and more than twice the amount of hydrogen cyanide, an extremely poisonous chemical.\"', '2022-04-08 18:04:06', 'support', 5, 'supporting', 1614, NULL, 0),
(1616, 'Marijuana', 'cannot treat many different ailments', NULL, '', NULL, NULL, 0, NULL, NULL, NULL, '2022-04-08 18:09:27', 'claim', 5, 'Itself Unestablished', 1562, 1618, 0),
(1617, 'Marijuana', 'cannot treat many different ailments', 'Testimony', 'Enter Example', 'Enter URL', 'Enter Reason Property', 0, 'Enter timestamp of specified material', 'Mayo Clinic Staff, Medical marijuana, Mayo Clinic, December 4, 2021', 'The U.S. Food and Drug Administration (FDA) has not approved the use of cannabis as a treatment for any medical condition.', '2022-04-08 18:09:27', 'support', 5, 'supporting', 1616, NULL, 0),
(1618, 'Marijuana', 'can treat many different ailments', NULL, '', NULL, NULL, 1, NULL, NULL, NULL, '2022-04-08 23:02:02', 'claim', 5, NULL, NULL, 1616, 0),
(1619, 'Marijuana', 'can treat many different ailments', 'Testimony', 'Enter Example', 'Enter URL', 'Enter Reason Property', 1, 'Enter timestamp of specified material', 'Peter Grinspoon, MD, Medical Marijuana, Harvard Health Publishing, April 10, 2020', '\"Along these lines, marijuana is said to be a fantastic muscle relaxant, and people swear by its ability to lessen tremors in Parkinson’s disease. I have also heard of its use quite successfully for fibromyalgia, endometriosis, interstitial cystitis, and most other conditions where the final common pathway is chronic pain.\"', '2022-04-08 23:02:02', 'support', 5, 'supporting', 1618, NULL, 0),
(1620, 'Marijuana', 'can treat many different ailments', 'Testimony', 'Enter Example', 'Enter URL', 'Enter Reason Property', 1, 'Enter timestamp of specified material', 'Sarah Stith, Jacob Vigil, Franco Brockelman, et al. , Patient-Reported Symptom Relief Following Medical Cannabis Consumption, Frontiers in Pharmacology, August 28, 2018', '\"Patient-managed cannabis use is associated with clinically significant improvements in self-reported symptom relief for treating a wide range of health conditions, along with frequent positive and negative side effects.\"', '2022-04-08 23:17:01', 'support', 5, 'supporting', 1618, NULL, 0),
(1621, 'Herion', 'could be taxed and the subsequent revenue could be used for schools, but that doesn\'t mean it should be legal', NULL, '', NULL, NULL, 0, NULL, NULL, NULL, '2022-04-08 23:20:18', 'claim', 5, 'Counterexample', 1613, 2412, 0),
(1622, 'Herion', 'could be taxed and the subsequent revenue could be used for schools, but that doesn\'t mean it should be legal', 'Tarka', 'Enter Example', 'Enter URL', 'Enter Reason Property', 1, 'Enter timestamp of specified material', 'Author, Title, Publication, Date of Publication', 'Transcription ', '2022-04-08 23:20:18', 'support', 5, 'supporting', 1621, NULL, 0);
INSERT INTO `Claim` (`id`, `subject`, `targetP`, `supportMeans`, `example`, `URL`, `reason`, `active`, `vidtimestamp`, `citation`, `transcription`, `ts`, `COS`, `topic_id`, `flag_type`, `flagged_id`, `rival_id`, `isRootRival`) VALUES
(1623, 'The Death Penalty', 'does not deter crime', NULL, '', NULL, NULL, 1, NULL, NULL, NULL, '2022-04-08 23:28:52', 'claim', 13, 'Itself Unestablished', 1550, NULL, 0),
(1624, 'The Death Penalty', 'does not deter crime', 'Testimony', 'Enter Example', 'Enter URL', 'Enter Reason Property', 1, 'Enter timestamp of specified material', ', Murder Rate of Death Penalty States Compared to Non-Death Penalty States\r\n, Death Penalty Information Center, ', 'When comparisons are made between states with the death penalty and states without, the majority of death penalty states show murder rates higher than non-death penalty states. ', '2022-04-08 23:28:52', 'support', 13, 'supporting', 1623, NULL, 0),
(1625, 'The Death Penalty ', 'does not bring a sense of justice or closure to the family/families of the victim(s)', NULL, '', NULL, NULL, 1, NULL, NULL, NULL, '2022-04-08 23:35:15', 'claim', 13, 'Itself Unestablished', 1551, NULL, 0),
(1626, 'The Death Penalty ', 'does not bring a sense of justice or closure to the family/families of the victim(s)', 'Testimony', 'Enter Example', 'Enter URL', 'Enter Reason Property', 1, 'Enter timestamp of specified material', 'Robert T. Muller, Ph.D., Death Penalty May Not Bring Peace to Victims\' Families, Psychology Today, October 19, 2016', 'Research by the University of Minnesota sociology-anthropology professor Scott Vollum and colleagues found ambivalence in co-victims’ reactions to capital punishment. Their study showed that only 2.5 percent achieved true closure, and 20.1 percent said that the execution did not help them heal. Co-victims in the study also expressed feelings of emptiness when the death penalty did not “bring back the victim.”', '2022-04-08 23:35:15', 'support', 13, 'supporting', 1625, NULL, 0),
(1627, 'Social media', 'has a negative impact on society', NULL, '', NULL, NULL, 0, NULL, NULL, NULL, '2022-04-09 13:05:40', 'claim', 20, NULL, NULL, 1629, 1),
(1628, 'Social media', 'has a negative impact on society', 'Inference', 'rigged elections', 'Enter URL', 'is a threat to democracy', 1, 'Enter timestamp of specified material', ', , , ', 'Transcription ', '2022-04-09 13:05:40', 'support', 20, 'supporting', 1627, NULL, 0),
(1629, 'Social media', 'does not have a negative impact on society', NULL, '', NULL, NULL, 0, NULL, NULL, NULL, '2022-04-09 13:08:47', 'claim', 20, NULL, NULL, 1627, 1),
(1630, 'Social media', 'does not have a negative impact on society', 'Inference', 'telephones', 'Enter URL', 'allows for connection across the globe', 1, 'Enter timestamp of specified material', 'Author, Title, Publication, Date of Publication', 'Transcription ', '2022-04-09 13:08:47', 'support', 20, 'supporting', 1629, NULL, 0),
(1631, 'Social media', 'has a negative impact on society', 'Inference', 'bullying', 'Enter URL', 'causes anxiety and low self esteem in young people', 1, 'Enter timestamp of specified material', 'Author, Title, Publication, Date of Publication', 'Transcription ', '2022-04-09 13:10:36', 'support', 20, 'supporting', 1627, NULL, 0),
(1632, 'Social media', 'can help mental health through finding connections and support', NULL, '', NULL, NULL, 0, NULL, NULL, NULL, '2022-04-09 13:13:58', 'claim', 20, 'Itself Unestablished', 1631, 1635, 0),
(1633, 'Social media', 'can help mental health through finding connections and support', 'Testimony', 'Enter Example', 'Enter URL', 'Enter Reason Property', 0, 'Enter timestamp of specified material', ', Social media benefits, Internetmatters.org, ', '\"Social media removes the boundaries of meeting and maintaining people and forming bonds beyond borders. For children who may have a disability or may not feel they can connect with others within their community, it can be a great way to connect with other people who share their ideas and interests.It can open up opportunities to offer support to friends and family that may be experiencing a particular issue. On the flip side for some young people, it can be a place where they can seek support if they are going through something that they cannot talk to those close to them about.\"', '2022-04-09 13:13:58', 'support', 20, 'supporting', 1632, NULL, 0),
(1634, 'Social media', 'has a negative impact on society', 'Testimony', 'Enter Example', 'Enter URL', '', 1, 'Enter timestamp of specified material', 'Rachel Ehmke, How Using Social Media Affects Teenagers, Child Mind Institute, ', '\"There’s no question kids are missing out on very critical social skills. In a way, texting and online communicating—it’s not like it creates a nonverbal learning disability, but it puts everybody in a nonverbal disabled context, where body language, facial expression, and even the smallest kinds of vocal reactions are rendered invisible.”', '2022-04-09 13:17:25', 'support', 20, 'supporting', 1627, NULL, 0),
(1635, 'Social media', 'does not help mental health, and connection online actually hurts them', NULL, '', NULL, NULL, 1, NULL, NULL, NULL, '2022-04-09 13:28:54', 'claim', 20, NULL, NULL, 1632, 0),
(1636, 'Social media', 'does not help mental health, and connection online actually hurts them', 'Testimony', 'Enter Example', 'Enter URL', 'Enter Reason Property', 1, 'Enter timestamp of specified material', 'Rachel Ehmke, How Using Social Media Affects Teenagers, Child Mind Institute, ', '\"For one thing, modern teens are learning to do most of their communication while looking at a screen, not another person...There’s no question kids are missing out on very critical social skills...Part of healthy self-esteem is knowing how to say what you think and feel even when you’re in disagreement with other people or it feels emotionally risky\"', '2022-04-09 13:28:54', 'support', 20, 'supporting', 1635, NULL, 0),
(1637, 'The Child Mind Institute', 'disputes this testimony and is more reputable', NULL, '', NULL, NULL, 1, NULL, NULL, NULL, '2022-04-09 13:31:00', 'claim', 20, 'Errant Info', 1633, NULL, 0),
(1638, 'The Child Mind Institute', 'disputes this testimony and is more reputable', 'Tarka', 'Enter Example', 'Enter URL', 'Enter Reason Property', 1, 'Enter timestamp of specified material', 'Author, Title, Publication, Date of Publication', 'Transcription ', '2022-04-09 13:31:00', 'support', 20, 'supporting', 1637, NULL, 0),
(1639, 'internetmatters.org', 'could be motivated to increase online internet presence, and social media is on the internet', NULL, '', NULL, NULL, 1, NULL, NULL, NULL, '2022-04-09 13:32:22', 'claim', 20, 'Faithless', 1633, NULL, 0),
(1640, 'internetmatters.org', 'could be motivated to increase online internet presence, and social media is on the internet', 'Tarka', 'Enter Example', 'Enter URL', 'Enter Reason Property', 1, 'Enter timestamp of specified material', 'Author, Title, Publication, Date of Publication', 'Transcription ', '2022-04-09 13:32:22', 'support', 20, 'supporting', 1639, NULL, 0),
(1641, 'Social media', 'has a negative impact on society', 'Testimony', 'Enter Example', 'Enter URL', 'Enter Reason Property', 1, 'Enter timestamp of specified material', ', The Social Dilemma: Social Media and Your Mental Health, McLean, Harvard School of Medicine Affiliate, January 21, 2022', '\"A 2018 British study tied social media use to decreased, disrupted, and delayed sleep, which is associated with depression, memory loss, and poor academic performance.\"', '2022-04-09 13:42:25', 'support', 20, 'supporting', 1627, NULL, 0),
(1642, 'Social media', 'does not have a negative impact on society', 'Inference', 'trade', 'Enter URL', 'increases economic growth', 0, 'Enter timestamp of specified material', 'Author, Title, Publication, Date of Publication', 'Transcription ', '2022-04-09 13:43:07', 'support', 20, 'supporting', 1629, NULL, 0),
(1645, 'Child labor', 'increased economic growth and had a negative impact on society', NULL, '', NULL, NULL, 1, NULL, NULL, NULL, '2022-04-09 13:47:16', 'claim', 20, 'Counterexample', 1642, NULL, 0),
(1646, 'Child labor', 'increased economic growth and had a negative impact on society', 'Tarka', 'Enter Example', 'Enter URL', 'Enter Reason Property', 1, 'Enter timestamp of specified material', 'Author, Title, Publication, Date of Publication', 'Transcription ', '2022-04-09 13:47:16', 'support', 20, 'supporting', 1645, NULL, 0),
(1647, 'It is not known how social media', 'is a threat to democracy', NULL, '', NULL, NULL, 0, NULL, NULL, NULL, '2022-04-09 13:53:05', 'claim', 20, 'Itself Unestablished', 1628, 1649, 0),
(1648, 'It is not known how social media', 'is a threat to democracy', 'Tarka', 'Enter Example', 'Enter URL', 'Enter Reason Property', 1, 'Enter timestamp of specified material', 'Author, Title, Publication, Date of Publication', 'Transcription ', '2022-04-09 13:53:05', 'support', 20, 'supporting', 1647, NULL, 0),
(1649, 'It is known', 'that social media is a threat to democracy', NULL, '', NULL, NULL, 0, NULL, NULL, NULL, '2022-04-09 13:57:28', 'claim', 20, NULL, NULL, 1647, 0),
(1650, 'It is known', 'that social media is a threat to democracy', 'Testimony', 'Enter Example', 'Enter URL', 'Enter Reason Property', 1, 'Enter timestamp of specified material', 'Tom Glaisyer , IS SOCIAL MEDIA A THREAT TO DEMOCRACY?, Democracy Fund, October 4, 2017', 'As my co-authors – Stacy Donohue and Anamitra Deb – and I reviewed the research of leading voices on this set of issues, we identified six key ways social media is threatening democracy: Exacerbating the polarization of civil society via echo chambers and filter bubbles, Rapidly spreading mis- and dis-information and amplifying the populist and illiberal wave across the globe, Creating competing realities driven by their algorithms’ intertwining of popularity and legitimacy, Being vulnerable to political capture and voter manipulation through enabling malevolent actors to spread dis-information and covertly influence public opinion, Capturing unprecedented amounts of data that can be used to manipulate user behavior, and Facilitating hate speech, public humiliation, and the targeted marginalization of disadvantaged or minority voices.', '2022-04-09 13:57:28', 'support', 20, 'supporting', 1649, NULL, 0),
(1651, 'It is known', 'that social media is a threat to democracy', 'Testimony', 'Enter Example', 'Enter URL', 'Enter Reason Property', 1, 'Enter timestamp of specified material', 'Pierre Omidyar, 6 Ways Social Media Has Become A Direct Threat To Democracy, New Perspectives Quarterly, 05 February 2018', '\"Trolls and bots, disguised as ordinary citizens, have become a weapon of choice for governments and political leaders to shape online conversations\"', '2022-04-09 14:02:28', 'support', 20, 'supporting', 1649, NULL, 0),
(1652, 'It is known', 'that social media is a threat to democracy', 'Testimony', 'Enter Example', 'Enter URL', 'Enter Reason Property', 1, 'Enter timestamp of specified material', 'Andreas Kaplan, Artificial Intelligence, Social Media, and Fake News: Is This The End of Democracy?, Digital Transformation in Media & Society, 2020', '\"Social media is increasingly used to spread misinformation, so-called fake news, potentially\r\nthreatening democratic processes and national interests. This chapter looks at social media\r\nand how they moved from being regarded as a positive force in the public sphere to a negative one. AI\r\nwill be explained, and its potential in the context of social media will be decrypted. Consequently, AI,\r\nsocial media, and fake news will be analysed and the apparent threat to democratic functions explored.\"', '2022-04-09 14:06:40', 'support', 20, 'supporting', 1649, NULL, 0),
(1653, 'Social media', 'does not have a negative impact on society', 'Inference', 'texting', 'Enter URL', 'allows families to stay connected across state lines', 1, 'Enter timestamp of specified material', 'Author, Title, Publication, Date of Publication', 'Transcription ', '2022-04-09 14:07:52', 'support', 20, 'supporting', 1629, NULL, 0),
(1654, 'Social media', 'does not have a negative impact on society', 'Inference', 'traveling', 'Enter URL', 'increases awareness of other cultures and traditions', 1, 'Enter timestamp of specified material', 'Author, Title, Publication, Date of Publication', 'Transcription ', '2022-04-09 14:08:54', 'support', 20, 'supporting', 1629, NULL, 0),
(1655, 'Social media', 'does not have a negative impact on society', 'Inference', 'protests', 'Enter URL', 'can facilitate social movements', 1, 'Enter timestamp of specified material', 'Author, Title, Publication, Date of Publication', 'Transcription ', '2022-04-09 14:09:58', 'support', 20, 'supporting', 1629, NULL, 0),
(1656, 'Social media', 'has a negative impact on society', 'Inference', 'tabloids', 'Enter URL', 'increases the presence of news that is false', 1, 'Enter timestamp of specified material', 'Author, Title, Publication, Date of Publication', 'Transcription ', '2022-04-09 14:11:07', 'support', 20, 'supporting', 1627, NULL, 0),
(1657, 'Social media', 'has a negative impact on society', 'Inference', 'Klu Klux Klan group meetings', 'Enter URL', 'promulgates hate speech and hate groups like neo-nazis', 1, 'Enter timestamp of specified material', 'Author, Title, Publication, Date of Publication', 'Transcription ', '2022-04-09 14:13:03', 'support', 20, 'supporting', 1627, NULL, 0),
(1658, 'Marijuana', 'should be legalized', 'Inference', 'alcohol', 'Enter URL', 'can be enjoyable and does not harm others when consumed responsibly', 1, 'Enter timestamp of specified material', 'Author, Title, Publication, Date of Publication', 'Transcription ', '2022-04-09 14:15:39', 'support', 5, 'supporting', 1467, NULL, 0),
(1659, 'FDA approval', 'does not definitively support the fact that marijuana does not treat many different ailments', NULL, '', NULL, NULL, 1, NULL, NULL, NULL, '2022-04-09 14:24:19', 'claim', 5, 'Ambiguous', 1617, NULL, 0),
(1660, 'FDA approval', 'does not definitively support the fact that marijuana does not treat many different ailments', 'Tarka', 'Enter Example', 'Enter URL', 'Enter Reason Property', 1, 'Enter timestamp of specified material', 'Author, Title, Publication, Date of Publication', 'Transcription ', '2022-04-09 14:24:19', 'support', 5, 'supporting', 1659, NULL, 0),
(1661, 'The Death Penalty', 'should not be abolished', 'Inference', 'fines for speeding', 'Enter URL', 'is an equal punishment to the crime', 0, 'Enter timestamp of specified material', 'Author, Title, Publication, Date of Publication', 'Transcription ', '2022-04-09 14:31:50', 'support', 13, 'supporting', 1546, NULL, 0),
(1664, 'Composite wholes', 'exist', NULL, '', NULL, NULL, 1, NULL, NULL, NULL, '2022-04-12 12:46:25', 'claim', 22, NULL, NULL, NULL, 0),
(1665, 'Composite wholes', 'exist', 'Inference', 'knowledge sources', 'Enter URL', 'are required for knowledge', 1, 'Enter timestamp of specified material', ', , , ', 'Transcription ', '2022-04-12 12:46:25', 'support', 22, 'supporting', 1664, NULL, 0),
(1666, 'Composite wholes', 'exist', 'Inference', 'grasping', 'Enter URL', 'are required for holding and pulling', 1, 'Enter timestamp of specified material', 'Author, Title, Publication, Date of Publication', 'Transcription ', '2022-04-12 12:49:01', 'support', 22, 'supporting', 1664, NULL, 0),
(1667, 'Holding and pulling', 'does not require the existence of composite wholes', NULL, '', NULL, NULL, 0, NULL, NULL, NULL, '2022-04-12 12:59:50', 'claim', 22, 'Itself Unestablished', 1666, NULL, 0),
(1668, 'Holding and pulling', 'does not require the existence of composite wholes', 'Inference', 'a pastiche of haphazardly stuck together parts', 'Enter URL', 'occurs without the existence of composite wholes', 0, 'Enter timestamp of specified material', 'Author, Title, Publication, Date of Publication', 'Transcription ', '2022-04-12 12:59:50', 'support', 22, 'supporting', 1667, NULL, 0),
(1669, 'a pastiche of haphazardly stuck together parts\r\n', 'is a composite whole', NULL, '', NULL, NULL, 1, NULL, NULL, NULL, '2022-04-12 13:02:35', 'claim', 22, 'Too Narrow', 1668, NULL, 0),
(1670, 'a pastiche of haphazardly stuck together parts\r\n', 'is a composite whole', 'Tarka', 'Enter Example', 'Enter URL', 'Enter Reason Property', 1, 'Enter timestamp of specified material', 'Author, Title, Publication, Date of Publication', 'Transcription ', '2022-04-12 13:02:35', 'support', 22, 'supporting', 1669, NULL, 0),
(1671, 'yarn and cloth', 'are different', NULL, '', NULL, NULL, 1, NULL, NULL, NULL, '2022-04-12 14:44:47', 'claim', 22, NULL, NULL, NULL, 0),
(1672, 'yarn and cloth', 'are different', 'Inference', 'a weaver\'s loom and cloth', 'Enter URL', 'are in a cause-effect relationship', 1, 'Enter timestamp of specified material', ', , , ', 'Transcription ', '2022-04-12 14:44:47', 'support', 22, 'supporting', 1671, NULL, 0),
(1673, 'yarn and cloth', 'are different', 'Inference', 'poison and antidotes', 'Enter URL', 'have different causal capacities', 1, 'Enter timestamp of specified material', 'Author, Title, Publication, Date of Publication', 'Transcription ', '2022-04-12 14:45:46', 'support', 22, 'supporting', 1671, NULL, 0),
(1674, 'yarn and cloth', 'are different', 'Inference', 'sight and touch', 'Enter URL', 'are objects of distinct cognitions', 1, 'Enter timestamp of specified material', 'Author, Title, Publication, Date of Publication', 'Transcription ', '2022-04-12 14:46:58', 'support', 22, 'supporting', 1671, NULL, 0),
(1675, 'yarn and cloth', 'are different', 'Inference', 'sight and touch experiences', 'Enter URL', 'have distinctive features', 1, 'Enter timestamp of specified material', 'Author, Title, Publication, Date of Publication', 'Transcription ', '2022-04-12 14:48:08', 'support', 22, 'supporting', 1671, NULL, 0),
(1676, 'The Death Penalty', 'should be abolished', 'Inference', 'Jim Crow Laws', 'Enter URL', 'is discriminatory', 1, 'Enter timestamp of specified material', 'Author, Title, Publication, Date of Publication', 'Transcription ', '2022-04-15 01:03:46', 'support', 13, 'supporting', 1544, NULL, 0),
(1677, 'The Death Penalty', 'should be abolished', 'Inference', 'gang affiliation', 'Enter URL', 'increases homicide', 1, 'Enter timestamp of specified material', 'Author, Title, Publication, Date of Publication', 'Transcription ', '2022-04-15 01:10:16', 'support', 13, 'supporting', 1544, NULL, 0),
(1678, 'It\'s not clear that', 'the death penalty increases homicides', NULL, '', NULL, NULL, 0, NULL, NULL, NULL, '2022-04-15 01:11:02', 'claim', 13, 'Itself Unestablished', 1677, 1680, 0),
(1679, 'It\'s not clear that', 'the death penalty increases homicides', 'Tarka', 'Enter Example', 'Enter URL', 'Enter Reason Property', 1, 'Enter timestamp of specified material', 'Author, Title, Publication, Date of Publication', 'Transcription ', '2022-04-15 01:11:02', 'support', 13, 'supporting', 1678, NULL, 0),
(1680, 'The Death Penalty', 'causes an increase in homicides', NULL, '', NULL, NULL, 0, NULL, NULL, NULL, '2022-04-15 01:14:31', 'claim', 13, NULL, NULL, 1678, 0),
(1681, 'The Death Penalty', 'causes an increase in homicides', 'Testimony', 'Enter Example', 'Enter URL', 'Enter Reason Property', 1, 'Enter timestamp of specified material', 'W J Bowers; \r\nG L Pierce, Deterrence or Brutalization - What Is the Effect of Executions?, Crime and Delinquency Volume: 26 Issue: 4  Pages: 453-484, October 1980', '\"An examination of State executions and homicides in New York over a 57-year period leads to the conclusion that State executions do not have a deterrent effect on the commission of capital crimes but rather a brutalizing effect reflected in increased homicide rates in months following executions... The study found that, on the average, homicides increased by two or three in months immediately following executions and by one incident 2 months after executions and decreased at a statistically insignificant rate in the third month... The effect of executions has been to increase homicides, not to deter them. These findings represent a direct challenge to the constitutionality of the death penalty regarding its negative impact on the victims of homicides sparked by executions.\"', '2022-04-15 01:14:31', 'support', 13, 'supporting', 1680, NULL, 0),
(1682, 'The Death Penalty', 'should be abolished', 'Inference', 'slavery', 'Enter URL', 'is inhumane', 1, 'Enter timestamp of specified material', 'Author, Title, Publication, Date of Publication', 'Transcription ', '2022-04-15 01:16:46', 'support', 13, 'supporting', 1544, NULL, 0),
(1683, 'The Death Penalty', 'causes an increase in homicides', 'Testimony', 'Enter Example', 'Enter URL', 'Enter Reason Property', 1, 'Enter timestamp of specified material', 'William C. Bailey, Deterrence, Brutalization, and the Death Penalty: Another\r\nExamination of Oklahoma\'s Return to Capital Punishment, Criminology, 36(4), 711-734. doi:10.1111/j.1745-9125.1998.tb01263.x, 1998', '\"First, after taking into consideration the sociodemographic control variables, the execution frequency, and media coverage factors, the evidence persisted that the Coleman execution was followed by a significant increase in total stranger killings and stranger homicides not involving other felonies... These findings suggest that executions that occurred in other states may have had a brutalization consequence in Oklahoma.\"', '2022-04-15 01:30:15', 'support', 13, 'supporting', 1680, NULL, 0),
(1684, 'Trophy hunting', 'is unethical', NULL, '', NULL, NULL, 0, NULL, NULL, NULL, '2022-04-16 03:01:02', 'claim', 23, NULL, NULL, 1686, 1),
(1685, 'Trophy hunting', 'is unethical', 'Inference', 'murder', 'Enter URL', 'kills living beings for fun', 1, 'Enter timestamp of specified material', ', , , ', 'Transcription ', '2022-04-16 03:01:02', 'support', 23, 'supporting', 1684, NULL, 0),
(1686, 'Trophy hunting', 'is not unethical', NULL, '', NULL, NULL, 0, NULL, NULL, NULL, '2022-04-16 03:02:03', 'claim', 23, NULL, NULL, 1684, 1),
(1687, 'Trophy hunting', 'is not unethical', 'Inference', 'fundraisers', 'Enter URL', 'funds conservation efforts', 0, 'Enter timestamp of specified material', 'Author, Title, Publication, Date of Publication', 'Transcription ', '2022-04-16 03:02:03', 'support', 23, 'supporting', 1686, NULL, 0),
(1688, 'Trophy hunting', 'is unethical', 'Inference', 'littering', 'Enter URL', 'negatively impacts ecosystems', 0, 'Enter timestamp of specified material', 'Author, Title, Publication, Date of Publication', 'Transcription ', '2022-04-16 03:02:43', 'support', 23, 'supporting', 1684, NULL, 0),
(1689, 'Trophy hunting', 'is unethical', 'Inference', 'torture', 'Enter URL', 'is sadistic', 1, 'Enter timestamp of specified material', 'Author, Title, Publication, Date of Publication', 'Transcription ', '2022-04-16 03:03:08', 'support', 23, 'supporting', 1684, NULL, 0),
(1690, 'Trophy hunting', 'is unethical', 'Inference', 'KKK', 'Enter URL', 'is elitist', 1, 'Enter timestamp of specified material', 'Author, Title, Publication, Date of Publication', 'Transcription ', '2022-04-16 03:03:32', 'support', 23, 'supporting', 1684, NULL, 0),
(1691, 'Trophy hunting', 'is unethical', 'Inference', 'poaching', 'Enter URL', 'targets endangered animals', 1, 'Enter timestamp of specified material', 'Author, Title, Publication, Date of Publication', 'Transcription ', '2022-04-16 03:03:55', 'support', 23, 'supporting', 1684, NULL, 0),
(1692, 'Trophy hunting', 'is not unethical', 'Inference', 'laws and regulations', 'Enter URL', 'can eliminate poaching', 0, 'Enter timestamp of specified material', 'Author, Title, Publication, Date of Publication', 'Transcription ', '2022-04-16 03:04:26', 'support', 23, 'supporting', 1686, NULL, 0),
(1693, 'Trophy hunting', 'is not unethical', 'Inference', 'the wolf reintroduction to Yellowstone national park', 'Enter URL', 'can control population size', 0, 'Enter timestamp of specified material', 'Author, Title, Publication, Date of Publication', 'Transcription ', '2022-04-16 03:05:12', 'support', 23, 'supporting', 1686, NULL, 0),
(1694, 'Trophy hunting', 'is not unethical', 'Inference', 'tourism', 'Enter URL', 'financially contributes to a country and local economy', 0, 'Enter timestamp of specified material', 'Author, Title, Publication, Date of Publication', 'Transcription ', '2022-04-16 03:06:50', 'support', 23, 'supporting', 1686, NULL, 0),
(1695, 'Genocide', 'can be seen or justified as population control but is unethical', NULL, '', NULL, NULL, 1, NULL, NULL, NULL, '2022-04-16 03:10:09', 'claim', 23, 'Counterexample', 1693, NULL, 0),
(1696, 'Genocide', 'can be seen or justified as population control but is unethical', 'Tarka', 'Enter Example', 'Enter URL', 'Enter Reason Property', 1, 'Enter timestamp of specified material', 'Author, Title, Publication, Date of Publication', 'Transcription ', '2022-04-16 03:10:09', 'support', 23, 'supporting', 1695, NULL, 0),
(1697, 'Child labor', 'can be financially beneficial to a country and local economy and is unethical', NULL, '', NULL, NULL, 1, NULL, NULL, NULL, '2022-04-16 03:11:22', 'claim', 23, 'Counterexample', 1694, NULL, 0),
(1698, 'Child labor', 'can be financially beneficial to a country and local economy and is unethical', 'Tarka', 'Enter Example', 'Enter URL', 'Enter Reason Property', 1, 'Enter timestamp of specified material', 'Author, Title, Publication, Date of Publication', 'Transcription ', '2022-04-16 03:11:22', 'support', 23, 'supporting', 1697, NULL, 0),
(1699, 'Trophy hunting', 'is not unethical', 'Inference', 'donations to an environmental agency ', 'Enter URL', 'contributes to the study of endangered or extinct animals', 1, 'Enter timestamp of specified material', 'Author, Title, Publication, Date of Publication', 'Transcription ', '2022-04-16 03:19:54', 'support', 23, 'supporting', 1686, NULL, 0),
(1700, 'Trophy hunting', 'does not control population size', NULL, '', NULL, NULL, 1, NULL, NULL, NULL, '2022-04-16 03:29:36', 'claim', 23, 'Itself Unestablished', 1693, NULL, 0),
(1701, 'Trophy hunting', 'does not control population size', 'Testimony', 'Enter Example', 'Enter URL', 'Enter Reason Property', 1, 'Enter timestamp of specified material', 'Dr. Mark Jones, DOES TROPHY HUNTING HELP CONSERVATION?, Born Free, ', '\"“Claims by trophy hunters that they are primarily concerned about wildlife conservation or animal management are highly misleading. Trophy hunters don’t target problem or surplus animals; instead they covet those animals with the most impressive traits – the largest tusks, or the darkest manes. By doing so they remove key individuals, severely disrupting animal families and populations.\"', '2022-04-16 03:29:36', 'support', 23, 'supporting', 1700, NULL, 0),
(1702, 'Trophy hunting', 'does not fund conservation efforts', NULL, '', NULL, NULL, 0, NULL, NULL, NULL, '2022-04-16 03:31:53', 'claim', 23, 'Itself Unestablished', 1687, 1710, 0),
(1703, 'Trophy hunting', 'does not fund conservation efforts', 'Testimony', 'Enter Example', 'Enter URL', 'Enter Reason Property', 1, 'Enter timestamp of specified material', 'Dr. Mark Jones, DOES TROPHY HUNTING HELP CONSERVATION?, Born Free, ', '\"Trophy hunting is not a conservation or animal management tool, nor does it contribute significant funds to conservation programmes or local communities; it is a cruel relic from colonial times that should be consigned to history where it belongs.” ', '2022-04-16 03:31:53', 'support', 23, 'supporting', 1702, NULL, 0),
(1704, 'Trophy hunting', 'does not negatively impact ecosystems', NULL, '', NULL, NULL, 0, NULL, NULL, NULL, '2022-04-16 03:39:09', 'claim', 23, 'Itself Unestablished', 1688, 1706, 0),
(1705, 'Trophy hunting', 'does not negatively impact ecosystems', 'Inference', 'national parks', 'Enter URL', 'encourages habitat conservation and protects biodiversity', 1, 'Enter timestamp of specified material', 'Author, Title, Publication, Date of Publication', 'Transcription ', '2022-04-16 03:39:09', 'support', 23, 'supporting', 1704, NULL, 0),
(1706, 'Trophy hunting', 'negatively impacts ecosystem', NULL, '', NULL, NULL, 0, NULL, NULL, NULL, '2022-04-16 03:42:36', 'claim', 23, NULL, NULL, 1704, 0),
(1707, 'Trophy hunting', 'negatively impacts ecosystem', 'Testimony', 'Enter Example', 'Enter URL', 'Enter Reason Property', 1, 'Enter timestamp of specified material', ', Trophy hunting may cause extinction in a changing environment, ScienceDaily, November 28, 2018', '\"Trophy hunting and other activities involving the targeting of high-quality male animals could lead to the extinction of certain species faced with changing environmental conditions, according to new research.\"', '2022-04-16 03:42:36', 'support', 23, 'supporting', 1706, NULL, 0),
(1708, 'Trophy hunting', 'does not eliminate poaching', NULL, '', NULL, NULL, 0, NULL, NULL, NULL, '2022-04-16 03:47:42', 'claim', 23, 'Itself Unestablished', 1692, 1712, 0),
(1709, 'Trophy hunting', 'does not eliminate poaching', 'Testimony', 'Enter Example', 'Enter URL', 'Enter Reason Property', 1, 'Enter timestamp of specified material', 'Elliott Morley MP , The Myth of Trophy Hunting\r\nas Conservation, Bloodybusiness.com, December 2004', '\"Opening up even a limited legal trade creates a smokescreen for poachers which is almost impossible to police. Prior to 1986, when the whaling moratorium was introduced, legal quotas were widely used as covers for poaching, driving some species near to extinction. The same is happening with trophy hunting of endangered species.\"', '2022-04-16 03:47:42', 'support', 23, 'supporting', 1708, NULL, 0),
(1710, 'Trophy hunting', 'does fund conservation efforts', NULL, '', NULL, NULL, 0, NULL, NULL, NULL, '2022-04-16 03:51:15', 'claim', 23, NULL, NULL, 1702, 0),
(1711, 'Trophy hunting', 'does fund conservation efforts', 'Testimony', 'Enter Example', 'Enter URL', 'Enter Reason Property', 1, 'Enter timestamp of specified material', 'Catherine E. Semcer, Conservationists Should Support Trophy Hunting:\r\nWhy I joined 132 researchers in signing an open letter in Science Magazine, perc.org, September 6, 2019', '\"This habitat conservation is a direct result of the fact that trophy hunting can be profitable for landowners and community members. In South Africa, most hunting reserves are former cattle ranches that were converted to wildlife conservation after legal changes allowed landowners to hold property rights in wildlife. These property rights give landowners incentives to maintain high-quality habitat on their land. They also encourage healthy wildlife populations that enable owners to sell hunting opportunities that, together with value added products like game meat, are worth an estimated $131 million per year to rural South Africans.\"', '2022-04-16 03:51:15', 'support', 23, 'supporting', 1710, NULL, 0),
(1712, 'Trophy hunting', 'eliminates poaching', NULL, '', NULL, NULL, 0, NULL, NULL, NULL, '2022-04-16 03:55:48', 'claim', 23, NULL, NULL, 1708, 0),
(1713, 'Trophy hunting', 'eliminates poaching', 'Testimony', 'Enter Example', 'Enter URL', 'Enter Reason Property', 1, 'Enter timestamp of specified material', 'Catherine E. Semcer, Conservationists Should Support Trophy Hunting, perc.org, September 6, 2019', '\" In Tanzania, all of the expenses related to the government’s anti-poaching activities are funded by trophy hunting revenues. These anti-poaching activities help limit poaching, which, along with habitat loss, have been identified as one of the most significant threats to the world’s biodiversity.\r\n\r\nThose seeking to ban all trophy hunting should take note of the fact that following U.S. and European Union bans on the importation of lion trophies from Tanzania, the revenues to fund these anti-poaching units decreased by 23 percent, resulting in a corresponding decrease in the ability of rangers to safeguard wildlife.\"', '2022-04-16 03:55:48', 'support', 23, 'supporting', 1712, NULL, 0),
(1714, 'Smoking cigarettes', ' should be banned in a public space', NULL, '', NULL, NULL, 0, NULL, NULL, NULL, '2022-04-16 04:14:44', 'claim', 24, NULL, NULL, 1719, 1),
(1715, 'Smoking cigarettes', ' should be banned in a public space', 'Inference', 'prostitution', 'Enter URL', 'sets a bad example for children', 0, 'Enter timestamp of specified material', 'Author, Title, Publication, Date of Publication', 'Transcription ', '2022-04-16 04:15:30', 'support', 24, 'supporting', 1714, NULL, 0),
(1716, 'Smoking cigarettes', ' should be banned in a public space', 'Inference', 'pipe bombs', 'Enter URL', 'is harmful to people around them', 1, 'Enter timestamp of specified material', 'Author, Title, Publication, Date of Publication', 'Transcription ', '2022-04-16 04:16:20', 'support', 24, 'supporting', 1714, NULL, 0),
(1717, 'Smoking cigarettes', ' should be banned in a public space', 'Inference', 'littering', 'Enter URL', 'is bad for the environment', 1, 'Enter timestamp of specified material', 'Author, Title, Publication, Date of Publication', 'Transcription ', '2022-04-16 04:16:52', 'support', 24, 'supporting', 1714, NULL, 0),
(1718, 'Smoking cigarettes', ' should be banned in a public space', 'Testimony', 'Enter Example', 'Enter URL', 'Enter Reason Property', 1, 'Enter timestamp of specified material', ', Study Shows Smoking Bans Benefit Kids, Brigham Health Hub, ', '\"Laws that prohibit smoking in public places, such as bars, restaurants, and workplaces, are proven to protect adults from the health threats associated with passive smoking. In the first comprehensive study to look at how anti-smoking laws are affecting the health of children, researchers from Brigham and Women’s Hospital, Harvard Medical School, the University of Edinburgh, Maastricht University, and Hasselt University found that the introduction of new laws that ban smoking in public places in North America and Europe has been followed by a decrease in rates of premature births and hospital visits for asthma attacks in children. These findings were published in March 2014 in The Lancet.\"', '2022-04-16 04:20:18', 'support', 24, 'supporting', 1714, NULL, 0),
(1719, 'Smoking cigarettes', 'should not be banned in a public space', NULL, '', NULL, NULL, 0, NULL, NULL, NULL, '2022-04-16 04:21:34', 'claim', 24, NULL, NULL, 1714, 1),
(1720, 'Smoking cigarettes', 'should not be banned in a public space', 'Inference', 'alcohol', 'Enter URL', 'is not harmful to others if enjoyed responsibly\r\n', 1, 'Enter timestamp of specified material', 'Author, Title, Publication, Date of Publication', 'Transcription ', '2022-04-16 04:21:34', 'support', 24, 'supporting', 1719, NULL, 0),
(1721, 'Smoking cigarettes', 'should not be banned in a public space', 'Inference', 'speech', 'Enter URL', 'is a personal freedom and choice', 1, 'Enter timestamp of specified material', 'Author, Title, Publication, Date of Publication', 'Transcription ', '2022-04-16 04:22:12', 'support', 24, 'supporting', 1719, NULL, 0),
(1722, 'Smoking cigarettes', 'should not be banned in a public space', 'Inference', 'Income tax', 'Enter URL', 'produces revenue for the government', 1, 'Enter timestamp of specified material', 'Author, Title, Publication, Date of Publication', 'Transcription ', '2022-04-16 04:22:51', 'support', 24, 'supporting', 1719, NULL, 0),
(1723, 'Drunken adults', 'set a bad example for kids but should not be banned in public space', NULL, '', NULL, NULL, 1, NULL, NULL, NULL, '2022-04-16 04:24:29', 'claim', 24, 'Counterexample', 1715, NULL, 0),
(1724, 'Drunken adults', 'set a bad example for kids but should not be banned in public space', 'Tarka', 'Enter Example', 'Enter URL', 'Enter Reason Property', 1, 'Enter timestamp of specified material', 'Author, Title, Publication, Date of Publication', 'Transcription ', '2022-04-16 04:24:29', 'support', 24, 'supporting', 1723, NULL, 0),
(1725, 'Marijuana', 'should not be legalized', 'Inference', 'scheduled drugs without a prescription', 'Enter URL', 'can significantly affect your short term memory', 1, 'Enter timestamp of specified material', 'Author, Title, Publication, Date of Publication', 'Transcription ', '2022-04-16 04:34:14', 'support', 5, 'supporting', 1469, NULL, 0),
(1726, 'Marijuana', 'should be legalized', 'Inference', 'integrating schools', 'Enter URL', 'legalization could improve racial justice', 1, 'Enter timestamp of specified material', 'Author, Title, Publication, Date of Publication', 'Transcription ', '2022-04-16 04:38:20', 'support', 5, 'supporting', 1467, NULL, 0),
(1727, 'Marijuana', 'should be legalized', 'Inference', 'AA and NA meetings', 'Enter URL', 'is useful in rehabilitation of other drug addictions', 1, 'Enter timestamp of specified material', 'Author, Title, Publication, Date of Publication', 'Transcription ', '2022-04-16 04:43:58', 'support', 5, 'supporting', 1467, NULL, 0),
(1728, 'A difference in appearance between two awarenesses', 'does not necessitate a different object', NULL, '', NULL, NULL, 1, NULL, NULL, NULL, '2022-04-18 17:25:49', 'claim', 22, NULL, NULL, NULL, 0),
(1729, 'A difference in appearance between two awarenesses', 'does not necessitate a different object', 'Inference', 'a difference in how tree is perceived from far away and up close ', 'Enter URL', 'does not require a difference in pragmatic effect', 1, 'Enter timestamp of specified material', ', , , ', 'Transcription ', '2022-04-18 17:25:49', 'support', 22, 'supporting', 1728, NULL, 0),
(1730, 'Enter Subject', 'Enter Target Property', NULL, '', NULL, NULL, 1, NULL, NULL, NULL, '2022-06-02 17:38:30', 'claim', 9, NULL, NULL, NULL, 0),
(1731, 'Enter Subject', 'Enter Target Property', 'Inference', 'excising a clump of cells', 'Enter URL', 'is not killing a being that desires recognition', 1, 'Enter timestamp of specified material', 'Author, Title, Publication, Date of Publication, URL of Citation', 'Transcription ', '2022-06-02 17:38:30', 'support', 9, 'supporting', 1730, NULL, 0),
(1736, 'Abortion', 'should be federally protected', NULL, '', NULL, NULL, 0, NULL, NULL, NULL, '2022-06-25 16:32:45', 'claim', 26, NULL, NULL, 1742, 1),
(1737, 'Abortion', 'should be federally protected', 'Inference', 'marriage', 'Enter URL', 'is a human right', 1, 'Enter timestamp of specified material', ', , , , ', 'Transcription ', '2022-06-25 16:32:45', 'support', 26, 'supporting', 1736, NULL, 0),
(1738, 'Abortion', 'should be federally protected', 'Inference', 'legal gun ownership', 'Enter URL', 'saves lives', 1, 'Enter timestamp of specified material', 'Author, Title, Publication, Date of Publication, URL of Citation', 'Transcription ', '2022-06-25 16:37:43', 'support', 26, 'supporting', 1736, NULL, 0),
(1739, 'Abortion', 'should be federally protected', 'Inference', 'Temporary Assistance for Needy Families (TANF)', 'Enter URL', 'reduces child poverty', 1, 'Enter timestamp of specified material', 'Author, Title, Publication, Date of Publication, URL of Citation', 'Transcription ', '2022-06-25 16:40:07', 'support', 26, 'supporting', 1736, NULL, 0),
(1740, 'Abortion', 'should be federally protected', 'Inference', 'Diet & exercise', 'Enter URL', 'is a matter of bodily autonomy', 1, 'Enter timestamp of specified material', 'Author, Title, Publication, Date of Publication, URL of Citation', 'Transcription ', '2022-06-25 16:44:51', 'support', 26, 'supporting', 1736, NULL, 0),
(1741, 'Abortion', 'should be federally protected', 'Inference', 'religious worship', 'Enter URL', 'is an intimate personal decision', 1, 'Enter timestamp of specified material', 'Author, Title, Publication, Date of Publication, URL of Citation', 'Transcription ', '2022-06-25 16:51:55', 'support', 26, 'supporting', 1736, NULL, 0),
(1742, 'Abortion', 'should not be federally protected', NULL, '', NULL, NULL, 0, NULL, NULL, NULL, '2022-06-25 16:55:51', 'claim', 26, NULL, NULL, 1736, 1),
(1743, 'Abortion', 'should not be federally protected', 'Inference', 'funding for public schools', 'Enter URL', 'should be left to the states', 1, 'Enter timestamp of specified material', 'Author, Title, Publication, Date of Publication, URL of Citation', 'Transcription ', '2022-06-25 16:55:51', 'support', 26, 'supporting', 1742, NULL, 0),
(1744, 'Abortion', 'should not be federally protected', 'Inference', 'drinking alcohol during pregnancy', 'Enter URL', 'infringes on the rights of the unborn', 0, 'Enter timestamp of specified material', 'Author, Title, Publication, Date of Publication, URL of Citation', 'Transcription ', '2022-06-25 17:03:48', 'support', 26, 'supporting', 1742, NULL, 0),
(1745, 'Abortion', 'does not save lives', NULL, '', NULL, NULL, 0, NULL, NULL, NULL, '2022-06-25 17:07:59', 'claim', 26, 'Itself Unestablished', 1738, NULL, 0),
(1746, 'Abortion', 'does not save lives', 'Inference', 'murder', 'Enter URL', 'kills a human being', 0, 'Enter timestamp of specified material', 'Author, Title, Publication, Date of Publication, URL of Citation', 'Transcription ', '2022-06-25 17:07:59', 'support', 26, 'supporting', 1745, NULL, 0),
(1747, 'Abortion', 'does not kill a human being', NULL, '', NULL, NULL, 1, NULL, NULL, NULL, '2022-06-29 12:03:15', 'claim', 26, 'Itself Unestablished', 1746, NULL, 0),
(1748, 'Abortion', 'does not kill a human being', 'Inference', 'Raskolnikov\'s stabbing of the moneylender', 'Enter URL', 'kills a hypothetical person', 1, 'Enter timestamp of specified material', 'Author, Title, Publication, Date of Publication, URL of Citation', 'Transcription ', '2022-06-29 12:03:15', 'support', 26, 'supporting', 1747, NULL, 0),
(1749, 'Rights of the unborn', 'do not exist', NULL, '', NULL, NULL, 1, NULL, NULL, NULL, '2022-06-29 12:09:21', 'claim', 26, 'ERROR: User did not select flag type when entering', 1744, NULL, 0),
(1750, 'Rights of the unborn', 'do not exist', 'Inference', 'Rights of unicorns', 'Enter URL', 'belong to hypothetical beings', 1, 'Enter timestamp of specified material', 'Author, Title, Publication, Date of Publication, URL of Citation', 'Transcription ', '2022-06-29 12:09:21', 'support', 26, 'supporting', 1749, NULL, 0),
(1751, 'Rights of the unborn', 'do not exist', NULL, '', NULL, NULL, 1, NULL, NULL, NULL, '2022-06-29 12:12:39', 'claim', 26, 'Itself Unestablished', 1744, NULL, 0),
(1752, 'Rights of the unborn', 'do not exist', 'Inference', 'the rights of unicorns', 'Enter URL', 'belong to hypothetical beings', 1, 'Enter timestamp of specified material', 'Author, Title, Publication, Date of Publication, URL of Citation', 'Transcription ', '2022-06-29 12:12:39', 'support', 26, 'supporting', 1751, NULL, 0),
(1753, 'Abortion', 'should not be federally protected', 'Inference', 'murder', 'Enter URL', 'kills a human', 1, 'Enter timestamp of specified material', 'Author, Title, Publication, Date of Publication, URL of Citation', 'Transcription ', '2022-07-01 19:58:51', 'support', 26, 'supporting', 1742, NULL, 0),
(1754, 'Gun safety laws', 'will improve public safety', NULL, '', NULL, NULL, 0, NULL, NULL, NULL, '2022-07-01 22:49:52', 'claim', 27, NULL, NULL, 1758, 1),
(1755, 'Gun safety laws', 'will improve public safety', 'Inference', 'metal detectors', 'Enter URL', 'prevent mass shootings', 1, 'Enter timestamp of specified material', ', , , , ', 'Transcription ', '2022-07-01 22:49:52', 'support', 27, 'supporting', 1754, NULL, 0),
(1756, 'Gun safety laws', 'will not improve public safety', NULL, '', NULL, NULL, 1, NULL, NULL, NULL, '2022-07-01 22:55:56', 'claim', 27, 'ERROR: User did not select flag type when entering', 1754, NULL, 0),
(1757, 'Gun safety laws', 'will not improve public safety', 'Inference', 'homicide laws', 'Enter URL', 'can still be broken', 1, 'Enter timestamp of specified material', 'Author, Title, Publication, Date of Publication, URL of Citation', 'Transcription ', '2022-07-01 22:55:56', 'support', 27, 'supporting', 1756, NULL, 0),
(1758, 'Gun safety laws', 'will not improve public safety', NULL, '', NULL, NULL, 0, NULL, NULL, NULL, '2022-07-01 22:56:55', 'claim', 27, NULL, NULL, 1754, 1),
(1759, 'Gun safety laws', 'will not improve public safety', 'Inference', 'homicide laws', 'Enter URL', 'can still be broke', 0, 'Enter timestamp of specified material', 'Author, Title, Publication, Date of Publication, URL of Citation', 'Transcription ', '2022-07-01 22:56:55', 'support', 27, 'supporting', 1758, NULL, 0),
(1760, 'Gun safety laws', 'will improve public safety', 'Inference', 'suicide hotline', 'Enter URL', 'prevent suicide', 1, 'Enter timestamp of specified material', 'Author, Title, Publication, Date of Publication, URL of Citation', 'Transcription ', '2022-07-01 23:00:17', 'support', 27, 'supporting', 1754, NULL, 0),
(1761, 'Gun safety laws', 'will improve public safety', 'Inference', 'security system', 'Enter URL', 'prevent homicide', 1, 'Enter timestamp of specified material', 'Author, Title, Publication, Date of Publication, URL of Citation', 'Transcription ', '2022-07-01 23:00:53', 'support', 27, 'supporting', 1754, NULL, 0),
(1762, 'Gun safety laws', 'will improve public safety', 'Testimony', 'Enter Example', 'Enter URL', '', 1, 'Enter timestamp of specified material', 'Everytown Research & Policy, Gun Safety Policies Save Lives, , Jan. 19, 2022., https://everytownresearch.org/rankings/', '\"When we compare the states head-to-head on the top 50 gun safety policies, a clear pattern emerges. States with strong laws see less gun violence. Indeed, the 13 states that have failed to put basic protections into place—”national failures” on our scale—have nearly three times as many gun deaths as the eight national gun safety leaders.\"', '2022-07-01 23:04:43', 'support', 27, 'supporting', 1754, NULL, 0),
(1763, 'Gun safety laws', 'will not improve public safety', 'Inference', 'police misconduct', 'Enter URL', 'infringe on constitutional rights', 1, 'Enter timestamp of specified material', 'Author, Title, Publication, Date of Publication, URL of Citation', 'Transcription ', '2022-07-02 12:01:52', 'support', 27, 'supporting', 1758, NULL, 0),
(1764, 'DUI laws', 'improved public safety and can still be broken', NULL, '', NULL, NULL, 1, NULL, NULL, NULL, '2022-07-02 12:49:12', 'claim', 27, 'Counterexample', 1759, NULL, 0),
(1765, 'DUI laws', 'improved public safety and can still be broken', 'Tarka', 'Enter Example', 'Enter URL', 'Enter Reason Property', 1, 'Enter timestamp of specified material', 'Author, Title, Publication, Date of Publication, URL of Citation', 'Transcription ', '2022-07-02 12:49:12', 'support', 27, 'supporting', 1764, NULL, 0),
(1766, 'An abortion ban', 'is immoral', NULL, '', NULL, NULL, 0, NULL, NULL, NULL, '2022-07-02 13:08:28', 'claim', 28, NULL, NULL, 1769, 1),
(1767, 'An abortion ban', 'is immoral', 'Inference', 'slavery', 'Enter URL', 'restricts a human right', 1, 'Enter timestamp of specified material', ', , , , ', 'Transcription ', '2022-07-02 13:08:28', 'support', 28, 'supporting', 1766, NULL, 0),
(1768, 'An abortion ban', 'is immoral', 'Inference', 'slavery', 'Enter URL', 'restricts body autonomy', 1, 'Enter timestamp of specified material', 'Author, Title, Publication, Date of Publication, URL of Citation', 'Transcription ', '2022-07-02 13:14:42', 'support', 28, 'supporting', 1766, NULL, 0),
(1769, 'An abortion ban', 'is not immoral', NULL, '', NULL, NULL, 0, NULL, NULL, NULL, '2022-07-02 13:16:58', 'claim', 28, NULL, NULL, 1766, 1),
(1770, 'An abortion ban', 'is not immoral', 'Inference', 'EMT services', 'Enter URL', 'saves lives', 1, 'Enter timestamp of specified material', 'Author, Title, Publication, Date of Publication, URL of Citation', 'Transcription ', '2022-07-02 13:16:58', 'support', 28, 'supporting', 1769, NULL, 0),
(1771, 'Rights of the unborn', 'do not belong to hypothetical beings', NULL, '', NULL, NULL, 0, NULL, NULL, NULL, '2022-07-02 16:52:23', 'claim', 26, 'Itself Unestablished', 1752, NULL, 0),
(1772, 'Rights of the unborn', 'do not belong to hypothetical beings', 'Inference', 'rights of the born', 'Enter URL', 'belong to actual human organisms', 0, 'Enter timestamp of specified material', 'Author, Title, Publication, Date of Publication, URL of Citation', 'Transcription ', '2022-07-02 16:52:23', 'support', 26, 'supporting', 1771, NULL, 0),
(1773, 'Rights of the unborn', 'do not belong to actual human organism', NULL, '', NULL, NULL, 1, NULL, NULL, NULL, '2022-07-02 16:57:00', 'claim', 26, 'Itself Unestablished', 1772, NULL, 0),
(1774, 'Rights of the unborn', 'do not belong to actual human organism', 'Inference', 'rights of human tissue', 'Enter URL', 'do not belong to actual human persons', 1, 'Enter timestamp of specified material', 'Author, Title, Publication, Date of Publication, URL of Citation', 'Transcription ', '2022-07-02 16:57:00', 'support', 26, 'supporting', 1773, NULL, 0),
(1775, 'Rights of the unborn', 'do belong to actual human persons', NULL, '', NULL, NULL, 0, NULL, NULL, NULL, '2022-07-02 17:02:00', 'claim', 26, 'Itself Unestablished', 1774, NULL, 0),
(1776, 'Rights of the unborn', 'do belong to actual human persons', 'Inference', 'free speech', 'Enter URL', 'belong to actual human organisms', 0, 'Enter timestamp of specified material', 'Author, Title, Publication, Date of Publication, URL of Citation', 'Transcription ', '2022-07-02 17:02:00', 'support', 26, 'supporting', 1775, NULL, 0),
(1777, 'Mere organisms', 'do not have rights', NULL, '', NULL, NULL, 1, NULL, NULL, NULL, '2022-07-02 17:03:38', 'claim', 26, 'Itself Unestablished', 1776, NULL, 0),
(1778, 'Mere organisms', 'do not have rights', 'Inference', 'mere plants', 'Enter URL', 'are not persons', 1, 'Enter timestamp of specified material', 'Author, Title, Publication, Date of Publication, URL of Citation', 'Transcription ', '2022-07-02 17:03:38', 'support', 26, 'supporting', 1777, NULL, 0),
(1779, 'Zygotes', 'are persons', NULL, '', NULL, NULL, 0, NULL, NULL, NULL, '2022-07-02 17:06:45', 'claim', 26, 'Itself Unestablished', 1778, NULL, 0),
(1780, 'Zygotes', 'are persons', 'Inference', 'you and me', 'Enter URL', 'are genetically independent and complete human beings', 0, 'Enter timestamp of specified material', 'Author, Title, Publication, Date of Publication, URL of Citation', 'Transcription ', '2022-07-02 17:06:45', 'support', 26, 'supporting', 1779, NULL, 0);
INSERT INTO `Claim` (`id`, `subject`, `targetP`, `supportMeans`, `example`, `URL`, `reason`, `active`, `vidtimestamp`, `citation`, `transcription`, `ts`, `COS`, `topic_id`, `flag_type`, `flagged_id`, `rival_id`, `isRootRival`) VALUES
(1781, 'Zygotes', 'are not complete human beings', NULL, '', NULL, NULL, 1, NULL, NULL, NULL, '2022-07-16 00:01:41', 'claim', 26, 'Itself Unestablished', 1780, NULL, 0),
(1782, 'Zygotes', 'are not complete human beings', 'Inference', 'plants', 'Enter URL', 'lack consciousness', 1, 'Enter timestamp of specified material', 'Author, Title, Publication, Date of Publication, URL of Citation', 'Transcription ', '2022-07-16 00:01:41', 'support', 26, 'supporting', 1781, NULL, 0),
(1783, 'Abortion', 'should not be left to the states', NULL, '', NULL, NULL, 0, NULL, NULL, NULL, '2022-07-16 00:04:50', 'claim', 26, 'Itself Unestablished', 1743, NULL, 0),
(1784, 'Abortion', 'should not be left to the states', 'Inference', 'diet and exercise', 'Enter URL', 'is a personal decision about one\'s body', 0, 'Enter timestamp of specified material', 'Author, Title, Publication, Date of Publication, URL of Citation', 'Transcription ', '2022-07-16 00:04:50', 'support', 26, 'supporting', 1783, NULL, 0),
(1785, 'Abortion', 'is not a personal decision about one\'s body', NULL, '', NULL, NULL, 1, NULL, NULL, NULL, '2022-07-16 00:06:34', 'claim', 26, 'Itself Unestablished', 1784, NULL, 0),
(1786, 'Abortion', 'is not a personal decision about one\'s body', 'Inference', 'vehicular manslaughter', 'Enter URL', 'is killing another being', 1, 'Enter timestamp of specified material', 'Author, Title, Publication, Date of Publication, URL of Citation', 'Transcription ', '2022-07-16 00:06:34', 'support', 26, 'supporting', 1785, NULL, 0),
(1787, 'Subject', 'Target Property', NULL, '', NULL, NULL, 1, NULL, NULL, NULL, '2022-09-27 23:47:14', 'claim', 29, NULL, NULL, NULL, 0),
(1788, 'Subject', 'Target Property', 'Inference', 'Examples', 'Enter URL', 'Reason', 1, 'Enter timestamp of specified material', ', , , , ', 'Transcription ', '2022-09-27 23:47:14', 'support', 29, 'supporting', 1787, NULL, 0),
(1789, 'test', 'test', NULL, '', NULL, NULL, 1, NULL, NULL, NULL, '2022-09-27 23:50:11', 'claim', 15, NULL, NULL, NULL, 0),
(1790, 'test', 'test', 'Testimony', 'Enter Example', 'Enter URL', 'Enter Reason Property', 1, 'Enter timestamp of specified material', ', , , , ', 'test', '2022-09-27 23:50:11', 'support', 15, 'supporting', 1789, NULL, 0),
(1791, 'Subject', 'Target Property', 'Testimony', 'Enter Example', 'Enter URL', 'Enter Reason Property', 1, 'Enter timestamp of specified material', 'Author, Title, Publication, Date of Publication, URL of Citation', 'Transcription', '2022-09-27 23:59:33', 'support', 29, 'supporting', 1787, NULL, 0),
(1792, 'Subject', 'Target Property', 'Perception', 'Enter Example', 'Enter URL', 'Enter Reason Property', 1, 'Enter timestamp of specified material', 'Author, Title, Publication, Date of Publication, URL of Citation', 'Transcription', '2022-09-27 23:59:57', 'support', 29, 'supporting', 1787, NULL, 0),
(1793, 'Subject for Rivals!', 'target property for rivals!', NULL, '', NULL, NULL, 1, NULL, NULL, NULL, '2022-09-28 00:01:26', 'claim', 29, NULL, NULL, 1795, 1),
(1794, 'Subject for Rivals!', 'target property for rivals!', 'Inference', 'Enter Example', 'Enter URL', 'Enter Reason Property', 1, 'Enter timestamp of specified material', ', , , , ', 'Transcription ', '2022-09-28 00:01:26', 'support', 29, 'supporting', 1793, NULL, 0),
(1795, 'Enter Subject', 'Enter Target Property', NULL, '', NULL, NULL, 0, NULL, NULL, NULL, '2022-09-28 00:02:13', 'claim', 29, NULL, NULL, 1793, 1),
(1796, 'Enter Subject', 'Enter Target Property', 'Inference', 'Enter Example', 'Enter URL', 'Enter Reason Property', 1, 'Enter timestamp of specified material', 'Author, Title, Publication, Date of Publication, URL of Citation', 'Transcription', '2022-09-28 00:02:13', 'support', 29, 'supporting', 1795, NULL, 0),
(1797, 'o', 'o', NULL, '', NULL, NULL, 0, NULL, NULL, NULL, '2022-09-28 00:07:51', 'claim', 29, 'Hostile', 1796, NULL, 0),
(1798, 'o', 'o', 'Inference', 'Enter Example', 'Enter URL', 'Enter Reason Property', 1, 'Enter timestamp of specified material', 'Author, Title, Publication, Date of Publication, URL of Citation', 'Transcription', '2022-09-28 00:07:51', 'support', 29, 'supporting', 1797, NULL, 0),
(1799, 'o', 'o', NULL, '', NULL, NULL, 1, NULL, NULL, NULL, '2022-09-28 00:16:10', 'claim', 29, 'Too Early', 1797, NULL, 0),
(1800, 'o', 'o', 'Inference', 'Enter Example', 'Enter URL', 'Enter Reason Property', 1, 'Enter timestamp of specified material', 'Author, Title, Publication, Date of Publication, URL of Citation', 'Transcription', '2022-09-28 00:16:10', 'support', 29, 'supporting', 1799, NULL, 0),
(1801, 'Subject', 'Target Property', 'Tarka', 'Enter Example', 'Enter URL', 'Enter Reason Property', 1, 'Enter timestamp of specified material', 'Author, Title, Publication, Date of Publication, URL of Citation', 'Transcription', '2022-09-28 00:27:32', 'support', 29, 'supporting', 1787, NULL, 0),
(1802, 'Enter Subject', 'Enter Target Property', NULL, '', NULL, NULL, 1, NULL, NULL, NULL, '2022-09-28 00:28:24', 'claim', 29, 'Too Early', 1795, NULL, 0),
(1803, 'Enter Subject', 'Enter Target Property', 'Inference', 'Enter Example', 'Enter URL', 'Enter Reason Property', 1, 'Enter timestamp of specified material', 'Author, Title, Publication, Date of Publication, URL of Citation', 'Transcription', '2022-09-28 00:28:24', 'support', 29, 'supporting', 1802, NULL, 0),
(1806, '', '', 'Inference', 'slavery', '', 'restricts a human right', 1, '', ', , , , ', '', '2023-02-09 21:44:21', 'support', 28, NULL, NULL, NULL, 0),
(1807, '', '', 'Inference', 'slavery', '', 'restricts a human right', 1, '', ', , , , ', '', '2023-02-09 21:45:12', 'support', 28, NULL, NULL, NULL, 0),
(1808, '', '', 'Inference', 'slavery', '', 'restricts a human right', 1, '', ', , , , ', '', '2023-02-09 21:47:22', 'support', 28, NULL, NULL, NULL, 0),
(1809, '', '', 'Inference', 'slavery', 'Enter URL', 'restricts human rights', 1, 'Enter timestamp of specified material', 'Author, Title, Publication, Date of Publication, URL of Citation', 'Transcription', '2023-02-09 21:48:25', 'support', 28, NULL, NULL, NULL, 0),
(1810, 'An abortion ban', 'is immoral', 'Inference', 'slavery', 'Enter URL', 'restricts a human right', 1, 'Enter timestamp of specified material', 'Author, Title, Publication, Date of Publication, URL of Citation', 'Transcription', '2023-02-09 21:48:51', 'support', 28, NULL, NULL, NULL, 0),
(1811, '', '', 'Inference', 'slavery', '', 'restricts a human right', 1, '', ', , , , ', '', '2023-02-09 21:54:50', 'support', 28, NULL, NULL, NULL, 0),
(1812, '', '', 'Inference', 'slavery', '', 'restricts a human right', 1, '', ', , , , ', '', '2023-02-09 21:54:57', 'support', 28, NULL, NULL, NULL, 0),
(1813, '', '', 'Inference', 'slavery', '', 'restricts a human right', 1, '', ', , , , ', '', '2023-02-09 21:56:27', 'support', 28, NULL, NULL, NULL, 0),
(1814, '', '', 'Inference', 'slavery', '', 'restricts a human right', 1, '', ', , , , ', '', '2023-02-09 21:57:02', 'support', 28, NULL, NULL, NULL, 0),
(1815, '', '', 'Inference', 'slavery', '', 'restricts a human right', 1, '', ', , , , ', '', '2023-02-09 21:57:22', 'support', 28, NULL, NULL, NULL, 0),
(1816, '', '', 'Inference', 'slavery', '', 'restricts a human right', 1, '', ', , , , ', '', '2023-02-09 22:01:52', 'support', 28, NULL, NULL, NULL, 0),
(1817, '', '', 'Inference', 'slavery', '', 'restricts a human right', 1, '', ', , , , ', '', '2023-02-09 22:02:21', 'support', 28, NULL, NULL, NULL, 0),
(1818, '', '', 'Inference', 'slavery', '', 'restricts a human right', 1, '', ', , , , ', '', '2023-02-09 22:02:24', 'support', 28, NULL, NULL, NULL, 0),
(1819, '', '', 'Inference', 'slavery', '', 'restricts a human right', 1, '', ', , , , ', '', '2023-02-09 22:03:22', 'support', 28, NULL, NULL, NULL, 0),
(1820, '', '', 'Inference', 'slavery', '', 'res', 1, '', ', , , , ', '', '2023-02-09 22:05:28', 'support', 28, NULL, NULL, NULL, 0),
(1821, '', '', 'Inference', 'slavery', '', 'res', 1, '', ', , , , ', '', '2023-02-09 22:06:06', 'support', 28, NULL, NULL, NULL, 0),
(1822, '', '', 'Inference', 'slavery', '', 'res', 1, '', ', , , , ', '', '2023-02-09 22:14:19', 'support', 28, NULL, NULL, NULL, 0),
(1823, '', '', 'Inference', 'slavery', '', 'res', 1, '', ', , , , ', '', '2023-02-09 22:14:22', 'support', 28, NULL, NULL, NULL, 0),
(1824, '', '', 'Inference', 'slavery', '', 'res', 1, '', ', , , , ', '', '2023-02-09 22:14:28', 'support', 28, NULL, NULL, NULL, 0),
(1825, '', '', 'Inference', 'slavery', '', 'res', 1, '', ', , , , ', '', '2023-02-09 22:14:38', 'support', 28, NULL, NULL, NULL, 0),
(1826, 'An abortion ban', 'is immoral', 'Inference', 'slavery', '', 'res', 1, '', ', , , , ', '', '2023-02-09 22:14:59', 'support', 28, NULL, NULL, NULL, 0),
(1827, 'An abortion ban', 'is immoral', 'Inference', 'slavery', '', 'restricts a human right', 1, '', ', , , , ', '', '2023-02-09 22:15:29', 'support', 28, NULL, NULL, NULL, 0),
(1828, 'An abortion ban', 'is immoral', 'Inference', 'slavery', '', 'restricts a human right', 1, '', ', , , , ', '', '2023-02-09 22:18:24', 'support', 28, NULL, NULL, NULL, 0),
(1829, '', '', '', 'slavery', '', 'restricts a human right', 1, '', ', , , , ', '', '2023-02-09 22:20:47', 'support', 28, NULL, NULL, NULL, 0),
(1830, '', '', '', 'slavery', '', 'restricts a human right', 1, '', ', , , , ', '', '2023-02-09 22:21:05', 'support', 28, NULL, NULL, NULL, 0),
(1831, 'An abortion ban', 'is immoral', 'Inference', 'asdasda', '', 'restricts a human right', 1, '', ', , , , ', '', '2023-02-09 22:22:49', 'support', 28, NULL, NULL, NULL, 0),
(1832, 'An abortion ban', 'is immoral', 'Inference', 'asdasda', '', 'restricts a human right', 1, '', ', , , , ', '', '2023-02-09 22:23:36', 'support', 28, 'supporting', 1766, NULL, 0),
(1833, 'asdad', 'asdasda', NULL, '', NULL, NULL, 0, NULL, NULL, NULL, '2023-02-09 23:44:08', 'claim', 15, 'ERROR: User did not select flag type when entering', 1575, 2294, 0),
(1834, 'asdad', 'asdasda', 'Tarka', '', '', '', 1, '', ', , , , ', '', '2023-02-09 23:44:08', 'support', 15, 'supporting', 1833, NULL, 0),
(1835, 'a', 'a', NULL, '', NULL, NULL, 1, NULL, NULL, NULL, '2023-02-09 23:46:18', 'claim', 15, 'Too Early', 1585, NULL, 0),
(1836, 'a', 'a', 'Testimony', '', '', '', 1, '', ', , , , ', 'x', '2023-02-09 23:46:18', 'support', 15, 'supporting', 1835, NULL, 0),
(1837, 's', 's', NULL, '', NULL, NULL, 1, NULL, NULL, NULL, '2023-02-09 23:48:25', 'claim', 15, 'Too Early', 1585, NULL, 0),
(1838, 's', 's', 'Inference', 's', '', 's', 1, '', ', , , , ', '', '2023-02-09 23:48:25', 'support', 15, 'supporting', 1837, NULL, 0),
(1839, 'seg', 'gseg', 'Perception', '', '', '', 1, 'x', ', , , , ', '', '2023-02-09 23:49:22', 'support', 15, 'supporting', 1585, NULL, 0),
(1840, 'x', 'x', NULL, '', NULL, NULL, 1, NULL, NULL, NULL, '2023-02-09 23:51:46', 'claim', 15, NULL, NULL, 1585, 0),
(1841, 'x', 'x', 'Testimony', '', '', '', 1, '', ', , , , ', 'x', '2023-02-09 23:51:47', 'support', 15, 'supporting', 1840, NULL, 0),
(1842, 'An abortion ban', 'is not immoral', 'Inference', 'x', '', 'x', 1, '', ', , , , ', '', '2023-02-09 23:55:01', 'support', 28, 'supporting', 1769, NULL, 0),
(1843, 'x', 'x', NULL, '', NULL, NULL, 1, NULL, NULL, NULL, '2023-02-09 23:57:26', 'claim', 27, 'Too Late', 1758, NULL, 0),
(1844, 'x', 'x', 'Inference', 'x', '', 'x', 1, '', ', , , , ', '', '2023-02-09 23:57:26', 'support', 27, 'supporting', 1843, NULL, 0),
(1845, 'Cool beans', 'should be served at every meal', NULL, '', NULL, NULL, 1, NULL, NULL, NULL, '2023-02-10 00:19:41', 'claim', 31, NULL, NULL, NULL, 0),
(1846, 'Cool beans', 'should be served at every meal', 'Inference', 'baked beans', '', 'is yummy', 1, '', ', , , , ', '', '2023-02-10 00:19:41', 'support', 31, 'supporting', 1845, NULL, 0),
(1847, 'x', 'x', NULL, '', NULL, NULL, 1, NULL, NULL, NULL, '2023-02-10 00:44:19', 'claim', 13, 'Too Narrow', 1661, NULL, 0),
(1848, 'x', 'x', 'Tarka', '', '', '', 1, '', ', , , , ', '', '2023-02-10 00:44:19', 'support', 13, 'supporting', 1847, NULL, 0),
(1849, 'The Death Penalty', 'should not be abolished', 'Tarka', '', '', '', 1, '', ', , , , ', '', '2023-02-10 00:45:07', 'support', 13, 'supporting', 1546, NULL, 0),
(1850, 'sfd', 'Enter Target fsdf', 'Perception', '', '', '', 1, 'a', 'aa', '', '2023-02-12 23:19:46', 'support', 15, 'supporting', 1583, NULL, 0),
(1851, 'sfd', 'Enter Target fsdf', 'Testimony', '', 'https://example.com', '', 1, '', 'Cite', 'xx', '2023-02-12 23:21:40', 'support', 15, 'supporting', 1583, NULL, 0),
(1852, 'sfd', 'Enter Target fsdf', 'Perception', '', 'https://example.com', '', 1, 'xx', 'aa', '', '2023-02-12 23:22:28', 'support', 15, 'supporting', 1583, NULL, 0),
(1853, 'Cool beans', 'should be served at every meal', 'Inference', 'bop', '', 'bee', 1, '', '', '', '2023-02-19 21:13:41', 'support', 31, 'supporting', 1845, NULL, 0),
(1858, 'A baby', 'cannot be evil', NULL, '', NULL, NULL, 0, NULL, NULL, NULL, '2023-02-19 22:10:59', 'claim', 31, 'Hostile', 1846, 1860, 0),
(1859, 'A baby', 'cannot be evil', 'Inference', 'a plant with thorns', '', 'does not have the capacity to intentionally harm another out of spite', 1, '', '', '', '2023-02-19 22:10:59', 'support', 31, 'supporting', 1858, NULL, 0),
(1860, 'A baby', 'is evil', NULL, '', NULL, NULL, 0, NULL, NULL, NULL, '2023-02-19 22:11:20', 'claim', 31, NULL, NULL, 1858, 0),
(1861, 'A baby', 'is evil', 'Testimony', '', '', '', 1, '', 'Beebop', 'Bop boop', '2023-02-19 22:11:20', 'support', 31, 'supporting', 1860, NULL, 0),
(1864, 'bleh', 'bleh', NULL, '', NULL, NULL, 1, NULL, NULL, NULL, '2023-02-19 23:31:46', 'claim', 15, 'Too Early', 1591, NULL, 0),
(1865, 'bleh', 'bleh', 'Tarka', '', '', '', 1, '', '', '', '2023-02-19 23:31:46', 'support', 15, 'supporting', 1864, NULL, 0),
(1866, 's', 't', NULL, '', NULL, NULL, 1, NULL, NULL, NULL, '2023-02-19 23:32:58', 'claim', 33, NULL, NULL, NULL, 0),
(1867, 's', 't', 'Testimony', '', 's', '', 1, '', 's', 't', '2023-02-19 23:32:58', 'support', 33, 'supporting', 1866, NULL, 0),
(1868, 'Hello', 'world', NULL, '', NULL, NULL, 0, NULL, NULL, NULL, '2023-02-19 23:41:30', 'claim', 33, 'No Direct Familiarity', 1867, NULL, 0),
(1869, 'Hello', 'world', 'Inference', 'x', '', 'x', 0, '', '', '', '2023-02-19 23:41:30', 'support', 33, 'supporting', 1868, NULL, 0),
(1870, 'x', 'x', NULL, '', NULL, NULL, 1, NULL, NULL, NULL, '2023-02-19 23:41:44', 'claim', 33, 'Hostile', 1869, NULL, 0),
(1871, 'x', 'x', 'Inference', 'ba', '', 'boo', 1, '', '', '', '2023-02-19 23:41:44', 'support', 33, 'supporting', 1870, NULL, 0),
(1876, 'SB 202', 'limited access to absentee ballot drop boxes in ways that were known to disproportionately hinder minority voters\' participation in elections', NULL, '', NULL, NULL, 1, NULL, NULL, NULL, '2023-02-22 00:19:01', 'claim', 33, NULL, NULL, NULL, 0),
(1877, 'SB 202', 'limited access to absentee ballot drop boxes in ways that were known to disproportionately hinder minority voters\' participation in elections', 'Testimony', '', 'https://www.justice.gov/crt/case-document/us-v-georgia-complaint', '', 1, '', 'U.S. Department of Justice, \"UNITED STATES OF AMERICA v. THE STATE OF GEORGIA,\" June 25, 2021, pp. 13-15', '60. In response to concerns about COVID, the State Election Board passed an emergency rule for the June 9, 2020 primary election that allowed voters to return their absentee ballots in drop boxes. See State Election Board Rule 183-1-14-0.6-.14. The drop boxes were required to be “on county or municipal government property generally accessible to the public,” with a video recording device to monitor each location. Id. §§ (2) & (4).\r\n\r\n61. Drop boxes were available until the close of polls on Election Day, and many were accessible after hours in the days leading up to the election.\r\n\r\n62. The emergency rule was later extended to allow the use of drop boxes through the January 5, 2021 general runoff election.\r\n\r\n63. Drop boxes were widely used by voters during the November 2020 and January 2021 elections, particularly in the metro-Atlanta area. For example, Fulton County had 38 drop box locations in each election, and Gwinnett County had 23 in each election.\r\n\r\n64. According to the Cobb County Elections Director, 60 percent of the absentee ballots returned in Cobb County during the November 2020 election were placed in a drop box.3 After drop boxes’ widespread use in the November 2020 election, some metro-Atlanta counties, like DeKalb County, added more drop boxes for the January 2021 runoff election.\r\n\r\n65. The rejection rate for late-arriving absentee ballots dropped substantially in 2020, compared to past elections.\r\n\r\n66. In recent elections, late ballots were disproportionately cast by Black voters.\r\n\r\n67. SB 202 requires each county to have one drop box, but limits additional drop boxes to “the lesser of either one drop box for every 100,000 active registered voters in the county or the number of advance voting locations in the county.” SB 202 § 26.\r\n\r\n68. Under SB 202, drop boxes must be located at early voting sites or the registrar’s office. Absent a declaration of emergency by the Governor, drop boxes must be stationed indoors. In addition, drop boxes can only operate during voting hours, and must close permanently at the close of the early voting period, i.e. the Friday before Election Day. The drop boxes must now also be under constant surveillance by an election official, law enforcement officer, or licensed security guard. SB 202 § 26.\r\n\r\n69. Put differently, SB 202 limits the use of drop boxes to those times and locations where voters could opt to vote in person, instead.\r\n\r\n70. By requiring that drop boxes close permanently at the end of the early voting period, SB 202 also ensures that voters who attempt to return their absentee ballot in the three days before or on Election Day will no longer be able to use drop boxes as a reliable alternative to mailing their ballot. This is particularly important in light of a federal court’s finding that in 2018, 85% of absentee ballots rejected as untimely “arrived within seven (7) days [after] Election Day, implying that many were mailed either before or on Election Day.” New Georgia Project v. Raffensperger, 484 F. Supp. 3d 1265, 1305 (N.D. Ga. 2020), order stayed on other grounds by 976 F.3d 1278 (11th Cir. 2020).\r\n\r\n71. SB 202’s limits on the number of drop boxes that each county may deploy will cause a precipitous decline in drop box availability in the counties that\r\n\r\nare home to the largest number of Black voters in the State. Specifically, SB 202 limits Fulton County to about eight drop boxes, Gwinnett County to about six, and DeKalb and Cobb Counties to about five each.\r\n\r\nSB 202\'s more cumbersome absentee ballot application rules were enacted with foreknowledge that they would disproportionately hinder minority voters\' participation in general and runoff elections. (Support #2)\r\n\r\n45. Since 2006, in-person voters in Georgia have been required to show photo identification. See O.C.G.A. § 21-2-417. Prior to SB 202, absentee voters were exempt from this requirement.\r\n\r\n46. Instead, election officials would compare the signature on a voter’s absentee ballot envelope with the voter’s signature in the voter file.\r\n\r\n47. SB 202 imposes new identification requirements at two stages of the absentee voting process.\r\n\r\n48. First, at the request stage, voters must include on their absentee ballot application the identification number from their Georgia driver’s license or personal identification card issued by the Georgia Department of Driver Services (collectively “DDS-issued ID”). If they do not have DDS-issued ID, they must provide a copy of another form of identification, such as a utility bill. SB 202 §25.\r\n\r\n49. Second, when returning their absentee ballot, voters must print their DDS-issued ID number on the absentee ballot envelope. If they do not have DDS issued ID, voters must print the last four digits of their Social Security number. If they do not have either DDS-issued ID or a Social Security number, voters must include a copy of another form of identification, such as a utility bill, with the absentee ballot. SB 202 § 28.\r\n\r\n50. The option to provide the last four digits of the voter’s Social Security number, in lieu of a DDS-issued ID number, is not available when a voter requests an absentee ballot....\r\n\r\n52. During the legislative debate, supporters of SB 202 did not explain why the use of the last four digits of a voter’s Social Security number was sufficient to verify identity when a voter returned a completed absentee ballot, but was not sufficient to verify identity when a voter requested an absentee ballot.\r\n\r\n53. In February 2021, when the legislature was considering adopting new election legislation, Gabriel Sterling, the Chief Operating Officer of the Georgia Secretary of State’s office, publicly claimed through Twitter that 99.9 percent of Georgia voters had the last four digits of their Social Security numbers in the State’s voter registration system. Mr. Sterling also claimed that 97 percent of Georgia voters had driver’s license numbers in the system.\r\n\r\n54. Data show, however, that Black Georgians are less likely to possess the DDS-issued ID number needed to request an absentee ballot than white voters, and that about 56 percent of the voters who do not have a driver’s license number associated with their registration are Black (even though Black Georgians represent about 29 percent of registered voters).', '2023-02-22 00:19:01', 'support', 33, 'supporting', 1876, NULL, 0),
(1878, 'TEST', 'TEEBO', NULL, '', NULL, NULL, 0, NULL, NULL, NULL, '2023-02-22 00:24:02', 'claim', 33, NULL, NULL, NULL, 0),
(1879, 'TEST', 'TEEBO', 'Inference', 'ex', '', 'res', 1, '', '', '', '2023-02-22 00:24:02', 'support', 33, 'supporting', 1878, NULL, 0),
(1880, 'TEST', 'TEEBO', 'Tarka', '', '', '', 1, '', '', '', '2023-02-22 00:25:54', 'support', 33, 'supporting', 1878, NULL, 0),
(1881, 'TEST', 'TEEBO', 'Inference', 'x', '', 'r', 1, '', '', '', '2023-02-22 00:26:12', 'support', 33, 'supporting', 1878, NULL, 0),
(1882, 'TEST', 'TEEBO', 'Testimony', '', '', '', 1, '', 'C', 'T', '2023-02-22 00:26:30', 'support', 33, 'supporting', 1878, NULL, 0),
(1883, 'SB 202', 'limited access to absentee ballot drop boxes in ways that were known to disproportionately hinder minority voters\' participation in elections', 'Inference', 'b', '', 'f', 1, '', '', '', '2023-02-22 00:37:56', 'support', 33, 'supporting', 1876, NULL, 0),
(1888, 'Abortion', 'should be legal', NULL, '', NULL, NULL, 1, NULL, NULL, NULL, '2023-02-23 17:55:39', 'claim', 26, NULL, NULL, NULL, 0),
(1889, 'Abortion', 'should be legal', 'Inference', 'x', '', 'r', 1, '', '', '', '2023-02-23 17:55:39', 'support', 26, 'supporting', 1888, NULL, 0),
(1898, 'Abortion', 'legal!!', NULL, '', NULL, NULL, 1, NULL, NULL, NULL, '2023-02-23 18:43:06', 'claim', 36, NULL, NULL, 1900, 1),
(1899, 'Abortion', 'legal!!', 'Testimony', '', '', '', 1, '', 'x', 'x', '2023-02-23 18:43:06', 'support', 36, 'supporting', 1898, NULL, 0),
(1900, 'Abortion', 'not legal!@!!', NULL, '', NULL, NULL, 0, NULL, NULL, NULL, '2023-02-23 18:43:25', 'claim', 36, NULL, NULL, 1898, 1),
(1901, 'Abortion', 'not legal!@!!', 'Inference', 'x', '', 'r', 0, '', '', '', '2023-02-23 18:43:25', 'support', 36, 'supporting', 1900, NULL, 0),
(1902, 'x', 'x', NULL, '', NULL, NULL, 1, NULL, NULL, NULL, '2023-02-23 18:43:44', 'claim', 36, 'Hostile', 1901, NULL, 0),
(1903, 'x', 'x', 'Inference', 'x', '', 'r', 1, '', '', '', '2023-02-23 18:43:44', 'support', 36, 'supporting', 1902, NULL, 0),
(1904, 's', 'xt', NULL, '', NULL, NULL, 0, NULL, NULL, NULL, '2023-02-23 18:44:02', 'claim', 36, 'No Direct Familiarity', 1899, NULL, 0),
(1905, 's', 'xt', 'Inference', 'x', '', 'r', 0, '', '', '', '2023-02-23 18:44:02', 'support', 36, 'supporting', 1904, NULL, 0),
(1906, 'SB 202', 'is racist', NULL, '', NULL, NULL, 1, NULL, NULL, NULL, '2023-02-23 18:44:29', 'claim', 36, 'Unestablished Subject', 1905, NULL, 0),
(1907, 'SB 202', 'is racist', 'Testimony', '', '', '', 1, '', 'x', 'r', '2023-02-23 18:44:29', 'support', 36, 'supporting', 1906, NULL, 0),
(1908, 'SB 202', 'is racist', 'Perception', '', '', '', 1, 'x', 'x', '', '2023-02-23 18:44:59', 'support', 36, 'supporting', 1906, NULL, 0),
(1909, 'This page', 'is vulnerable!', NULL, '', NULL, NULL, 1, NULL, NULL, NULL, '2023-02-28 18:35:15', 'claim', 37, NULL, NULL, NULL, 0),
(1910, 'This page', 'is vulnerable!', 'Inference', 'xxx', '', 'runs arbitrary JavaScript', 1, '', '', '', '2023-02-28 18:35:15', 'support', 37, 'supporting', 1909, NULL, 0),
(1911, 'Mwah', 'mwah', NULL, '', NULL, NULL, 1, NULL, NULL, NULL, '2023-02-28 18:37:33', 'claim', 37, NULL, NULL, NULL, 0),
(1912, 'Mwah', 'mwah', 'Inference', 'xx', '', 'x', 1, '', '', '', '2023-02-28 18:37:33', 'support', 37, 'supporting', 1911, NULL, 0),
(1925, 'Subject', 'is property', NULL, '', NULL, NULL, 1, NULL, NULL, NULL, '2023-03-05 01:52:32', 'claim', 42, NULL, NULL, NULL, 0),
(1926, 'Subject', 'is property', 'Inference', 'ljhhjkhjklhjksf', '', 'reason', 1, '', '', '', '2023-03-05 01:52:32', 'support', 42, 'supporting', 1925, NULL, 0),
(1927, 'Subject property', 'target property', NULL, '', NULL, NULL, 1, NULL, NULL, NULL, '2023-03-05 01:59:36', 'claim', 43, NULL, NULL, NULL, 0),
(1928, 'Subject property', 'target property', 'Testimony', '', 'https://google.com', '', 1, '', 'asdasd', 'asd', '2023-03-05 01:59:36', 'support', 43, 'supporting', 1927, NULL, 0),
(1929, 's', 't', NULL, '', NULL, NULL, 1, NULL, NULL, NULL, '2023-03-08 20:48:00', 'claim', 31, NULL, NULL, NULL, 0),
(1930, 's', 't', 'Inference', 'x', '', 'r', 1, '', '', '', '2023-03-08 20:48:00', 'support', 31, 'supporting', 1929, NULL, 0),
(1931, 's', 't', NULL, '', NULL, NULL, 1, NULL, NULL, NULL, '2023-03-08 20:48:31', 'claim', 31, NULL, NULL, NULL, 0),
(1932, 's', 't', 'Inference', 'x', '', 'r', 1, '', '', '', '2023-03-08 20:48:38', 'support', 31, 'supporting', 1931, NULL, 0),
(1933, 's', 't', NULL, '', NULL, NULL, 0, NULL, NULL, NULL, '2023-03-08 20:48:55', 'claim', 31, NULL, NULL, NULL, 0),
(1934, 's', 't', NULL, '', NULL, NULL, 0, NULL, NULL, NULL, '2023-03-08 20:50:33', 'claim', 31, NULL, NULL, NULL, 0),
(1935, 's', 't', NULL, '', NULL, NULL, 0, NULL, NULL, NULL, '2023-03-08 20:50:36', 'claim', 31, NULL, NULL, NULL, 0),
(1936, 'r', 's', NULL, NULL, NULL, NULL, 1, NULL, NULL, NULL, '2023-03-08 21:32:32', 'claim', 31, NULL, NULL, NULL, 0),
(1937, 'r', 's', 'Inference', 'x', '', 'r', 1, '', '', '', '2023-03-08 21:32:32', 'support', 31, 'supporting', 1936, NULL, 0),
(1938, 's', 't', NULL, NULL, NULL, NULL, 1, NULL, NULL, NULL, '2023-03-08 21:32:49', 'claim', 31, NULL, NULL, NULL, 0),
(1939, 's', 't', 'Inference', 'x', '', 'r', 1, '', '', '', '2023-03-08 21:32:49', 'support', 31, 'supporting', 1938, NULL, 0),
(1940, '🏳️‍⚧️🏳️‍⚧️🏳️‍⚧️🏳️‍⚧️', 'rights!!', NULL, NULL, NULL, NULL, 0, NULL, NULL, NULL, '2023-03-08 22:16:13', 'claim', 31, NULL, NULL, 1952, 1),
(1941, '🏳️‍⚧️🏳️‍⚧️🏳️‍⚧️🏳️‍⚧️', 'rights!!', 'Inference', 'x', '', 'r', 1, '', '', '', '2023-03-08 22:16:13', 'support', 31, 'supporting', 1940, NULL, 0),
(1942, 's', 't', NULL, NULL, NULL, NULL, 0, NULL, NULL, NULL, '2023-03-08 22:19:30', 'claim', 43, NULL, NULL, 1949, 1),
(1943, 's', 't', 'Perception', '', '', '', 0, 'x', 'r', '', '2023-03-08 22:19:30', 'support', 43, 'supporting', 1942, NULL, 0),
(1944, 'r', 's', NULL, NULL, NULL, NULL, 1, NULL, NULL, NULL, '2023-03-08 22:19:52', 'claim', 43, 'No Sense Object Contact', 1943, NULL, 0),
(1945, 'r', 's', 'Inference', 'x', '', 'r', 1, '', '', '', '2023-03-08 22:19:52', 'support', 43, 'supporting', 1944, NULL, 0),
(1946, 'r', 's', 'Testimony', '', '', '', 1, '', 'r', 'r', '2023-03-08 22:20:33', 'support', 43, 'supporting', 1944, NULL, 0),
(1947, 'r', 's', 'Testimony', '', '', '', 1, '', 'r', 'r', '2023-03-08 22:20:41', 'support', 43, 'supporting', 1944, NULL, 0),
(1948, 'Thesis', 'rival!', NULL, NULL, NULL, NULL, 0, NULL, NULL, NULL, '2023-03-08 22:25:47', 'claim', 43, NULL, NULL, NULL, 0),
(1949, 'Thesis', 'rival!', NULL, NULL, NULL, NULL, 1, NULL, NULL, NULL, '2023-03-08 22:25:47', 'claim', 43, NULL, NULL, 1942, 0),
(1950, 'Thesis', 'rival!', 'Tarka', '', '', '', 1, '', '', '', '2023-03-08 22:25:47', 'support', 43, NULL, NULL, NULL, 0),
(1951, 'Thesis', 'rival!', 'Tarka', '', '', '', 1, '', '', '', '2023-03-08 22:25:47', 'support', 43, 'supporting', 1949, NULL, 0),
(1952, 'Trans', 'wrongs', NULL, NULL, NULL, NULL, 0, NULL, NULL, NULL, '2023-03-08 22:27:23', 'claim', 31, NULL, NULL, 1940, 1),
(1953, 'Trans', 'wrongs', 'Tarka', '', '', '', 1, '', '', '', '2023-03-08 22:27:23', 'support', 31, 'supporting', 1952, NULL, 0),
(1954, 'Trans', 'wrongs', NULL, NULL, NULL, NULL, 0, NULL, NULL, NULL, '2023-03-08 22:31:04', 'claim', 31, NULL, NULL, NULL, 0),
(1955, 'Trans', 'wrongs', NULL, NULL, NULL, NULL, 0, NULL, NULL, NULL, '2023-03-08 22:31:04', 'claim', 31, NULL, NULL, 1940, 0),
(1956, 'Trans', 'wrongs', 'Tarka', '', '', '', 1, '', '', '', '2023-03-08 22:31:04', 'support', 31, NULL, NULL, NULL, 0),
(1957, 'Trans', 'wrongs', 'Tarka', '', '', '', 1, '', '', '', '2023-03-08 22:31:04', 'support', 31, 'supporting', 1955, NULL, 0),
(1958, 'S', 'T', NULL, NULL, NULL, NULL, 1, NULL, NULL, NULL, '2023-03-08 22:35:58', 'claim', 31, NULL, NULL, NULL, 0),
(1959, 'S', 'T', 'Inference', 'X', '', 'R', 1, '', '', '', '2023-03-08 22:35:58', 'support', 31, 'supporting', 1958, NULL, 0),
(1960, 'BARK', 'BARK', NULL, NULL, NULL, NULL, 1, NULL, NULL, NULL, '2023-03-08 22:44:40', 'claim', 43, NULL, NULL, NULL, 0),
(1961, 'BARK', 'BARK', 'Tarka', '', '', '', 1, '', '', '', '2023-03-08 22:45:10', 'support', 43, 'supporting', 1960, NULL, 0),
(1962, 'BARK', 'BARK', 'Inference', 'x', '', 'r', 1, '', '', '', '2023-03-08 22:47:31', 'support', 43, 'supporting', 1960, NULL, 0),
(1963, 'BARK', 'BARK', 'Inference', 'x', '', 'r', 1, '', '', '', '2023-03-08 22:48:44', 'support', 43, 'supporting', 1960, NULL, 0),
(1964, 'BARK', 'BARK', 'Inference', 'x', '', 'r', 1, '', '', '', '2023-03-08 22:49:30', 'support', 43, 'supporting', 1960, NULL, 0),
(1965, 'sss', 'ttt', NULL, NULL, NULL, NULL, 0, NULL, NULL, NULL, '2023-03-08 23:04:58', 'claim', 43, NULL, NULL, NULL, 0),
(1966, 'sss', 'ttt', 'Inference', 'x', '', 'r', 1, '', '', '', '2023-03-08 23:05:14', 'support', 43, NULL, NULL, NULL, 0),
(1967, 'sss', 'ttt', NULL, NULL, NULL, NULL, 1, NULL, NULL, NULL, '2023-03-08 23:05:25', 'claim', 43, NULL, NULL, NULL, 0),
(1968, 'sss', 'ttt', 'Inference', 'x', '', 'r', 1, '', '', '', '2023-03-08 23:05:25', 'support', 43, 'supporting', 1967, NULL, 0),
(1969, 'Sub', 'Targ', NULL, NULL, NULL, NULL, 0, NULL, NULL, NULL, '2023-03-08 23:05:45', 'claim', 42, NULL, NULL, 1972, 1),
(1970, 'Sub', 'Targ', 'Inference', 'x', '', 'r', 1, '', '', '', '2023-03-08 23:05:45', 'support', 42, 'supporting', 1969, NULL, 0),
(1971, 'Sub', 'Targ', 'Inference', 'x', '', 'is x', 1, '', '', '', '2023-03-08 23:05:56', 'support', 42, 'supporting', 1969, NULL, 0),
(1972, 'r', 't', NULL, NULL, NULL, NULL, 0, NULL, NULL, NULL, '2023-03-08 23:06:08', 'claim', 42, NULL, NULL, 1969, 1),
(1973, 'r', 't', 'Inference', 'x', '', 'r', 1, '', '', '', '2023-03-08 23:06:08', 'support', 42, 'supporting', 1972, NULL, 0),
(1974, 'SPAM', 'EXX', NULL, NULL, NULL, NULL, 1, NULL, NULL, NULL, '2023-03-08 23:07:19', 'claim', 42, NULL, NULL, NULL, 0),
(1975, 'SPAM', 'EXX', 'Inference', 'X', '', 'R', 1, '', '', '', '2023-03-08 23:07:19', 'support', 42, 'supporting', 1974, NULL, 0),
(2167, 'S1', 'T1', NULL, NULL, NULL, NULL, 0, NULL, NULL, NULL, '2023-03-09 00:48:25', 'claim', 45, NULL, NULL, 2172, 1),
(2168, 'S1', 'T1', 'Inference', 'X1', NULL, 'R1', 1, NULL, NULL, NULL, '2023-03-09 00:48:25', 'support', 45, 'supporting', 2167, NULL, 0),
(2172, 'RIVAL 2', 't', NULL, NULL, NULL, NULL, 0, NULL, NULL, NULL, '2023-03-09 00:51:54', 'claim', 45, NULL, NULL, 2167, 1),
(2173, 'RIVAL 2', 't', 'Inference', 'x', NULL, 'r', 1, NULL, NULL, NULL, '2023-03-09 00:51:54', 'support', 45, 'supporting', 2172, NULL, 0),
(2174, 's', 't', NULL, NULL, NULL, NULL, 0, NULL, NULL, NULL, '2023-03-09 00:52:20', 'claim', 45, 'Unestablished Subject', 2168, 2176, 0),
(2175, 's', 't', 'Inference', 'e', NULL, 'r', 1, NULL, NULL, NULL, '2023-03-09 00:52:20', 'support', 45, 'supporting', 2174, NULL, 0),
(2176, 'r', 't', NULL, NULL, NULL, NULL, 0, NULL, NULL, NULL, '2023-03-09 00:52:31', 'claim', 45, NULL, NULL, 2174, 0),
(2177, 'r', 't', 'Inference', 'x', NULL, 'r', 1, NULL, NULL, NULL, '2023-03-09 00:52:31', 'support', 45, 'supporting', 2176, NULL, 0),
(2181, 'r', 't', NULL, NULL, NULL, NULL, 0, NULL, NULL, NULL, '2023-03-09 01:12:01', 'claim', 45, NULL, NULL, 2174, 0),
(2182, 'r', 't', 'Inference', 'x', NULL, 'r', 1, NULL, NULL, NULL, '2023-03-09 01:12:01', 'support', 45, 'supporting', 2181, NULL, 0),
(2183, 'RIVAL 2', 't', 'Inference', 'x', NULL, 'rx', 1, NULL, NULL, NULL, '2023-03-09 01:20:38', 'support', 45, 'supporting', 2172, NULL, 0),
(2184, 'RIVAL 2', 't', 'Inference', 'x', NULL, 'rx', 1, NULL, NULL, NULL, '2023-03-09 01:22:01', 'support', 45, 'supporting', 2172, NULL, 0),
(2185, 'r', 't', NULL, NULL, NULL, NULL, 0, NULL, NULL, NULL, '2023-03-09 01:22:47', 'claim', 45, NULL, NULL, 2174, 0),
(2186, 'r', 't', 'Inference', 'x', NULL, 'r', 1, NULL, NULL, NULL, '2023-03-09 01:22:47', 'support', 45, 'supporting', 2185, NULL, 0),
(2187, 'r', 't', NULL, NULL, NULL, NULL, 0, NULL, NULL, NULL, '2023-03-09 01:23:06', 'claim', 45, NULL, NULL, 2174, 0),
(2188, 'r', 't', 'Inference', 'x', NULL, 'r', 1, NULL, NULL, NULL, '2023-03-09 01:23:06', 'support', 45, 'supporting', 2187, NULL, 0),
(2189, 'r', 't', NULL, NULL, NULL, NULL, 0, NULL, NULL, NULL, '2023-03-09 01:23:45', 'claim', 45, NULL, NULL, 2174, 0),
(2190, 'r', 't', 'Inference', 'x', NULL, 'r', 1, NULL, NULL, NULL, '2023-03-09 01:23:45', 'support', 45, 'supporting', 2189, NULL, 0),
(2191, 'rp', 't', NULL, NULL, NULL, NULL, 0, NULL, NULL, NULL, '2023-03-09 01:24:05', 'claim', 45, NULL, NULL, 2174, 0),
(2192, 'rp', 't', 'Inference', 'x', NULL, 'r', 1, NULL, NULL, NULL, '2023-03-09 01:24:05', 'support', 45, 'supporting', 2191, NULL, 0),
(2193, 'rp', 't', NULL, NULL, NULL, NULL, 0, NULL, NULL, NULL, '2023-03-09 01:24:17', 'claim', 45, NULL, NULL, 2174, 0),
(2194, 'rp', 't', 'Inference', 'x', NULL, 'r', 1, NULL, NULL, NULL, '2023-03-09 01:24:17', 'support', 45, 'supporting', 2193, NULL, 0),
(2195, 'rp', 't', NULL, NULL, NULL, NULL, 0, NULL, NULL, NULL, '2023-03-09 01:26:14', 'claim', 45, NULL, NULL, 2174, 0),
(2196, 'rp', 't', 'Inference', 'x', NULL, 'r', 1, NULL, NULL, NULL, '2023-03-09 01:26:14', 'support', 45, 'supporting', 2195, NULL, 0),
(2197, 'rp', 't', NULL, NULL, NULL, NULL, 0, NULL, NULL, NULL, '2023-03-09 01:27:53', 'claim', 45, NULL, NULL, 2174, 0),
(2198, 'rp', 't', 'Inference', 'x', NULL, 'r', 1, NULL, NULL, NULL, '2023-03-09 01:27:53', 'support', 45, 'supporting', 2197, NULL, 0),
(2199, 'r', 't', NULL, NULL, NULL, NULL, 0, NULL, NULL, NULL, '2023-03-09 01:31:53', 'claim', 45, NULL, NULL, 2197, 0),
(2200, 'r', 't', 'Inference', 'x', NULL, 'r', 1, NULL, NULL, NULL, '2023-03-09 01:31:53', 'support', 45, 'supporting', 2199, NULL, 0),
(2201, 'HAAAHAHAAH\'a\'sd\'a\'\'a\'sd\'a\'sd\'as\'da\'\'', ';as;d;as;d;;)))', NULL, NULL, NULL, NULL, 1, NULL, NULL, NULL, '2023-03-09 01:44:27', 'claim', 37, NULL, NULL, NULL, 0),
(2202, 'HAAAHAHAAH\'a\'sd\'a\'\'a\'sd\'a\'sd\'as\'da\'\'', ';as;d;as;d;;)))', 'Inference', '&&&&&&\r\n\r\nrrrrrrrrr', NULL, 'rrrrr', 1, NULL, NULL, NULL, '2023-03-09 01:44:27', 'support', 37, 'supporting', 2201, NULL, 0),
(2207, 's', 't', NULL, NULL, NULL, NULL, 1, NULL, NULL, NULL, '2023-03-09 01:48:18', 'claim', 37, NULL, NULL, NULL, 0),
(2208, 's', 't', 'Inference', 'x', NULL, 'r', 1, NULL, NULL, NULL, '2023-03-09 01:48:18', 'support', 37, 'supporting', 2207, NULL, 0),
(2211, 'INSERT1', 'T', NULL, NULL, NULL, NULL, 0, NULL, NULL, NULL, '2023-03-12 22:29:16', 'claim', 45, NULL, NULL, 2223, 1),
(2212, 'INSERT1', 'T', 'Inference', 'X', NULL, 'R', 1, NULL, NULL, NULL, '2023-03-12 22:29:16', 'support', 45, 'supporting', 2211, NULL, 0),
(2213, 'INSERT1', 'T', 'Inference', 'X', NULL, 'R', 1, NULL, NULL, NULL, '2023-03-12 22:30:17', 'support', 45, 'supporting', 2211, NULL, 0),
(2214, 's', 't', NULL, NULL, NULL, NULL, 0, NULL, NULL, NULL, '2023-03-12 22:30:31', 'claim', 45, 'Too Early', 2211, NULL, 0),
(2215, 's', 't', 'Inference', 'x', NULL, 'r', 1, NULL, NULL, NULL, '2023-03-12 22:30:31', 'support', 45, 'supporting', 2214, NULL, 0),
(2223, 'NEW RIVAL', 'RRRRR', NULL, NULL, NULL, NULL, 0, NULL, NULL, NULL, '2023-03-12 22:43:49', 'claim', 45, NULL, NULL, 2211, 1),
(2224, 'NEW RIVAL', 'RRRRR', 'Inference', 'X', NULL, 'R', 0, NULL, NULL, NULL, '2023-03-12 22:43:49', 'support', 45, 'supporting', 2223, NULL, 0),
(2225, 'NEW RIVAL', 'RRRRR', NULL, NULL, NULL, NULL, 0, NULL, NULL, NULL, '2023-03-12 22:50:00', 'claim', 45, NULL, NULL, 2211, 0),
(2226, 'NEW RIVAL', 'RRRRR', 'Inference', 'X', NULL, 'R', 1, NULL, NULL, NULL, '2023-03-12 22:50:00', 'support', 45, 'supporting', 2225, NULL, 0),
(2227, 'S', 'T', NULL, NULL, NULL, NULL, 1, NULL, NULL, NULL, '2023-03-12 22:51:25', 'claim', 45, NULL, NULL, NULL, 0),
(2228, 'S', 'T', 'Inference', 'X', NULL, 'R', 0, NULL, NULL, NULL, '2023-03-12 22:51:25', 'support', 45, 'supporting', 2227, NULL, 0),
(2229, 'S', 'T', 'Inference', 'x', NULL, 'r', 0, NULL, NULL, NULL, '2023-03-12 22:52:06', 'support', 45, 'supporting', 2227, NULL, 0),
(2233, 'R', 'T', NULL, NULL, NULL, NULL, 0, NULL, NULL, NULL, '2023-03-12 22:59:09', 'claim', 11, NULL, NULL, 2241, 1),
(2234, 'R', 'T', 'Inference', 'X', NULL, 'R', 1, NULL, NULL, NULL, '2023-03-12 22:59:09', 'support', 11, 'supporting', 2233, NULL, 0),
(2235, 'R', 'T', 'Inference', 'X', NULL, 'R', 1, NULL, NULL, NULL, '2023-03-12 22:59:18', 'support', 11, 'supporting', 2233, NULL, 0),
(2236, 'R', 'T', NULL, NULL, NULL, NULL, 0, NULL, NULL, NULL, '2023-03-12 22:59:31', 'claim', 11, 'Too Early', 2233, NULL, 0),
(2237, 'R', 'T', 'Inference', 'X', NULL, 'R', 0, NULL, NULL, NULL, '2023-03-12 22:59:31', 'support', 11, 'supporting', 2236, NULL, 0),
(2238, 'R', 'T', NULL, NULL, NULL, NULL, 1, NULL, NULL, NULL, '2023-03-12 22:59:51', 'claim', 11, 'Hostile', 2237, NULL, 0),
(2239, 'R', 'T', 'Inference', 'X', NULL, 'R', 1, NULL, NULL, NULL, '2023-03-12 22:59:51', 'support', 11, 'supporting', 2238, NULL, 0),
(2241, 'R', 'T', NULL, NULL, NULL, NULL, 0, NULL, NULL, NULL, '2023-03-12 23:00:31', 'claim', 11, NULL, NULL, 2233, 1),
(2242, 'R', 'T', 'Inference', 'X', NULL, 'R', 1, NULL, NULL, NULL, '2023-03-12 23:00:31', 'support', 11, 'supporting', 2241, NULL, 0),
(2243, 'x', 'x', NULL, NULL, NULL, NULL, 0, NULL, NULL, NULL, '2023-03-12 23:02:45', 'claim', 45, 'Too Early', 2227, NULL, 0),
(2244, 'x', 'x', 'Inference', 'x', NULL, 'x', 0, NULL, NULL, NULL, '2023-03-12 23:02:45', 'support', 45, 'supporting', 2243, NULL, 0),
(2245, 's', 't', NULL, NULL, NULL, NULL, 1, NULL, NULL, NULL, '2023-03-12 23:03:04', 'claim', 45, 'Counterexample', 2244, NULL, 0),
(2246, 's', 't', 'Inference', 'x', NULL, 'r', 1, NULL, NULL, NULL, '2023-03-12 23:03:04', 'support', 45, 'supporting', 2245, NULL, 0),
(2247, 'S', 'B', NULL, NULL, NULL, NULL, 0, NULL, NULL, NULL, '2023-03-12 23:04:31', 'claim', 45, 'Too Late', 2227, NULL, 0),
(2248, 'S', 'B', 'Perception', NULL, '', NULL, 0, 'c', 'c', NULL, '2023-03-12 23:04:31', 'support', 45, 'supporting', 2247, NULL, 0),
(2249, 'S', 'B', NULL, NULL, NULL, NULL, 0, NULL, NULL, NULL, '2023-03-12 23:04:34', 'claim', 45, 'Too Late', 2227, NULL, 0),
(2250, 'S', 'B', 'Perception', NULL, '', NULL, 1, 'c', 'c', NULL, '2023-03-12 23:04:34', 'support', 45, 'supporting', 2249, NULL, 0),
(2251, 'S', 'B', NULL, NULL, NULL, NULL, 0, NULL, NULL, NULL, '2023-03-12 23:04:48', 'claim', 45, 'Too Late', 2227, NULL, 0),
(2252, 'S', 'B', 'Perception', NULL, '', NULL, 0, 'c', 'c', NULL, '2023-03-12 23:04:48', 'support', 45, 'supporting', 2251, NULL, 0),
(2253, 'S', 'B', NULL, NULL, NULL, NULL, 0, NULL, NULL, NULL, '2023-03-12 23:06:30', 'claim', 45, 'Too Late', 2227, NULL, 0),
(2254, 'S', 'B', 'Perception', NULL, '', NULL, 1, 'c', 'c', NULL, '2023-03-12 23:06:30', 'support', 45, 'supporting', 2253, NULL, 0),
(2255, 'S', 'B', NULL, NULL, NULL, NULL, 0, NULL, NULL, NULL, '2023-03-12 23:06:53', 'claim', 45, 'Too Late', 2227, NULL, 0),
(2256, 'S', 'B', 'Perception', NULL, '', NULL, 1, 'c', 'c', NULL, '2023-03-12 23:06:53', 'support', 45, 'supporting', 2255, NULL, 0),
(2257, 'S', 'B', NULL, NULL, NULL, NULL, 0, NULL, NULL, NULL, '2023-03-12 23:07:07', 'claim', 45, 'Too Late', 2227, NULL, 0),
(2258, 'S', 'B', 'Perception', NULL, '', NULL, 1, 'c', 'c', NULL, '2023-03-12 23:07:07', 'support', 45, 'supporting', 2257, NULL, 0),
(2259, 's', 't', NULL, NULL, NULL, NULL, 1, NULL, NULL, NULL, '2023-03-12 23:09:00', 'claim', 45, 'Errant', 2248, NULL, 0),
(2260, 's', 't', 'Inference', 'x', NULL, 'r', 1, NULL, NULL, NULL, '2023-03-12 23:09:00', 'support', 45, 'supporting', 2259, NULL, 0),
(2261, 's', 't', NULL, NULL, NULL, NULL, 1, NULL, NULL, NULL, '2023-03-12 23:10:00', 'claim', 45, 'No Sense Object Contact', 2248, NULL, 0),
(2262, 's', 't', 'Inference', 'x', NULL, 'r', 1, NULL, NULL, NULL, '2023-03-12 23:10:00', 'support', 45, 'supporting', 2261, NULL, 0),
(2263, 'r', 'x', NULL, NULL, NULL, NULL, 1, NULL, NULL, NULL, '2023-03-12 23:13:46', 'claim', 45, 'No Sense Object Contact', 2248, NULL, 0),
(2264, 'r', 'x', 'Inference', 'x', NULL, 'r', 1, NULL, NULL, NULL, '2023-03-12 23:13:46', 'support', 45, 'supporting', 2263, NULL, 0),
(2265, 's', 't', NULL, NULL, NULL, NULL, 1, NULL, NULL, NULL, '2023-03-12 23:14:30', 'claim', 45, 'Too Early', 2249, NULL, 0),
(2266, 's', 't', 'Inference', 'x', NULL, 'r', 1, NULL, NULL, NULL, '2023-03-12 23:14:30', 'support', 45, 'supporting', 2265, NULL, 0),
(2267, 'S', 'T', NULL, NULL, NULL, NULL, 1, NULL, NULL, NULL, '2023-03-12 23:14:48', 'claim', 45, 'Ambiguous', 2252, NULL, 0),
(2268, 'S', 'T', 'Inference', 'X', NULL, 'R', 1, NULL, NULL, NULL, '2023-03-12 23:14:48', 'support', 45, 'supporting', 2267, NULL, 0),
(2269, 'S', 'T', NULL, NULL, NULL, NULL, 1, NULL, NULL, NULL, '2023-03-12 23:15:29', 'claim', 45, 'Too Early', 2253, NULL, 0),
(2270, 'S', 'T', 'Inference', 'X', NULL, 'R', 1, NULL, NULL, NULL, '2023-03-12 23:15:29', 'support', 45, 'supporting', 2269, NULL, 0),
(2271, 'R', 'T', NULL, NULL, NULL, NULL, 1, NULL, NULL, NULL, '2023-03-12 23:15:42', 'claim', 45, 'Too Early', 2255, NULL, 0),
(2272, 'R', 'T', 'Inference', 'X', NULL, 'R', 1, NULL, NULL, NULL, '2023-03-12 23:15:42', 'support', 45, 'supporting', 2271, NULL, 0),
(2273, 'S', 'B', 'Inference', 'X', NULL, 'R', 1, NULL, NULL, NULL, '2023-03-12 23:15:53', 'support', 45, 'supporting', 2257, NULL, 0),
(2274, 'R', 'X', NULL, NULL, NULL, NULL, 1, NULL, NULL, NULL, '2023-03-12 23:16:10', 'claim', 45, 'Too Late', 2257, NULL, 0),
(2275, 'R', 'X', 'Perception', NULL, '', NULL, 1, 'v', 'c', NULL, '2023-03-12 23:16:10', 'support', 45, 'supporting', 2274, NULL, 0),
(2276, 'R', 'T', NULL, NULL, NULL, NULL, 1, NULL, NULL, NULL, '2023-03-12 23:16:25', 'claim', 45, 'Too Narrow', 2229, NULL, 0),
(2277, 'R', 'T', 'Testimony', NULL, '', NULL, 1, NULL, 'r', 'x', '2023-03-12 23:16:25', 'support', 45, 'supporting', 2276, NULL, 0),
(2278, 'S', 'T', NULL, NULL, NULL, NULL, 1, NULL, NULL, NULL, '2023-03-12 23:16:37', 'claim', 45, 'Counterexample', 2228, NULL, 0),
(2279, 'S', 'T', 'Perception', NULL, '', NULL, 1, 'V', 'C', NULL, '2023-03-12 23:16:37', 'support', 45, 'supporting', 2278, NULL, 0),
(2280, 'S', 'T', NULL, NULL, NULL, NULL, 1, NULL, NULL, NULL, '2023-03-12 23:17:26', 'claim', 45, 'Unestablished Universal', 2228, NULL, 0),
(2281, 'S', 'T', 'Tarka', NULL, NULL, NULL, 1, NULL, NULL, NULL, '2023-03-12 23:17:26', 'support', 45, 'supporting', 2280, NULL, 0),
(2282, 's', 't', NULL, NULL, NULL, NULL, 0, NULL, NULL, NULL, '2023-03-12 23:39:21', 'claim', 45, 'Too Early', 2227, NULL, 0),
(2283, 's', 't', 'Inference', 'x', NULL, 'r', 1, NULL, NULL, NULL, '2023-03-12 23:39:21', 'support', 45, 'supporting', 2282, NULL, 0),
(2284, 's', 't', NULL, NULL, NULL, NULL, 1, NULL, NULL, NULL, '2023-03-12 23:39:53', 'claim', 45, 'Too Late', 2282, NULL, 0),
(2285, 's', 't', 'Inference', 'x', NULL, 'r', 1, NULL, NULL, NULL, '2023-03-12 23:39:53', 'support', 45, 'supporting', 2284, NULL, 0),
(2286, 'S', 'T', 'Inference', 'x', NULL, 'r', 0, NULL, NULL, NULL, '2023-03-12 23:53:26', 'support', 45, 'supporting', 2227, NULL, 0),
(2287, 's', 't', NULL, NULL, NULL, NULL, 1, NULL, NULL, NULL, '2023-03-12 23:53:41', 'claim', 45, 'Contrived Universal', 2286, NULL, 0),
(2288, 's', 't', 'Perception', NULL, '', NULL, 1, 'v', 'c', NULL, '2023-03-12 23:53:41', 'support', 45, 'supporting', 2287, NULL, 0),
(2289, 'S', 'T', NULL, NULL, NULL, NULL, 1, NULL, NULL, NULL, '2023-03-12 23:55:46', 'claim', 45, 'Too Late', 2214, NULL, 0),
(2290, 'S', 'T', 'Inference', 'X', NULL, 'R', 1, NULL, NULL, NULL, '2023-03-12 23:55:46', 'support', 45, 'supporting', 2289, NULL, 0),
(2291, 'S', 't', NULL, NULL, NULL, NULL, 1, NULL, NULL, NULL, '2023-03-12 23:56:04', 'claim', 45, 'Hostile', 2224, NULL, 0),
(2292, 'S', 't', 'Testimony', NULL, '', NULL, 1, NULL, 'C', 'T', '2023-03-12 23:56:04', 'support', 45, 'supporting', 2291, NULL, 0),
(2293, 'S', 'T', 'Inference', 'X', NULL, 'R', 1, NULL, NULL, NULL, '2023-03-21 16:47:40', 'support', 45, 'supporting', 2227, NULL, 0),
(2294, 'S', 'T', NULL, NULL, NULL, NULL, 0, NULL, NULL, NULL, '2023-03-28 17:07:37', 'claim', 15, NULL, NULL, 2432, 0),
(2295, 'S', 'T', 'Inference', 'X', NULL, 'R', 1, NULL, NULL, NULL, '2023-03-28 17:07:37', 'support', 15, 'supporting', 2294, NULL, 0),
(2296, 'S', 'T', NULL, NULL, NULL, NULL, 1, NULL, NULL, NULL, '2023-03-28 17:14:42', 'claim', 33, 'Too Late', 1878, NULL, 0),
(2297, 'S', 'T', 'Testimony', NULL, '', NULL, 1, NULL, 'C', 'T', '2023-03-28 17:14:42', 'support', 33, 'supporting', 2296, NULL, 0),
(2328, 'S', 'T', NULL, NULL, NULL, NULL, 0, NULL, NULL, NULL, '2023-03-30 03:03:17', 'claim', 47, NULL, NULL, NULL, 0),
(2329, 'S', 'T', 'Inference', 'X', NULL, 'R', 1, NULL, NULL, NULL, '2023-03-30 03:03:17', 'support', 47, 'supporting', 2328, NULL, 0),
(2330, 'S2', 'T2', NULL, NULL, NULL, NULL, 1, NULL, NULL, NULL, '2023-03-30 03:03:54', 'claim', 47, NULL, NULL, NULL, 0),
(2331, 'S2', 'T2', 'Inference', 'X', NULL, 'R', 1, NULL, NULL, NULL, '2023-03-30 03:03:54', 'support', 47, 'supporting', 2330, NULL, 0),
(2332, 'S3', 'R3', NULL, NULL, NULL, NULL, 1, NULL, NULL, NULL, '2023-03-30 03:08:02', 'claim', 47, NULL, NULL, NULL, 0),
(2333, 'S3', 'R3', 'Inference', 'X', NULL, 'R', 1, NULL, NULL, NULL, '2023-03-30 03:08:02', 'support', 47, 'supporting', 2332, NULL, 0),
(2334, 'S3', '', NULL, NULL, NULL, NULL, 1, NULL, NULL, NULL, '2023-03-30 03:08:42', 'claim', 47, NULL, NULL, NULL, 0),
(2335, 'S3', '', 'Inference', '', NULL, 'R', 1, NULL, NULL, NULL, '2023-03-30 03:08:42', 'support', 47, 'supporting', 2334, NULL, 0),
(2336, 'S3', 'T3', NULL, NULL, NULL, NULL, 1, NULL, NULL, NULL, '2023-03-30 03:09:27', 'claim', 47, NULL, NULL, NULL, 0),
(2337, 'S3', 'T3', 'Inference', 'X', NULL, 'R', 1, NULL, NULL, NULL, '2023-03-30 03:09:27', 'support', 47, 'supporting', 2336, NULL, 0),
(2338, 'S', 'T', NULL, NULL, NULL, NULL, 1, NULL, NULL, NULL, '2023-03-30 03:40:57', 'claim', 47, 'Too Early', 2328, NULL, 0),
(2339, 'S', 'T', 'Inference', 'X', NULL, 'R', 1, NULL, NULL, NULL, '2023-03-30 03:40:57', 'support', 47, 'supporting', 2338, NULL, 0),
(2340, 'S', 'T', 'Inference', 'X', NULL, 'R', 1, NULL, NULL, NULL, '2023-03-30 03:41:51', 'support', 47, 'supporting', 2328, NULL, 0),
(2341, 'S', 'T', NULL, NULL, NULL, NULL, 1, NULL, NULL, NULL, '2023-03-30 03:42:05', 'claim', 47, 'Too Early', 2328, NULL, 0),
(2342, 'S', 'T', 'Inference', 'X', NULL, 'R', 1, NULL, NULL, NULL, '2023-03-30 03:42:05', 'support', 47, 'supporting', 2341, NULL, 0),
(2343, 'S', 'T', 'Inference', 'X', NULL, 'R', 1, NULL, NULL, NULL, '2023-03-30 03:44:53', 'support', 47, 'supporting', 2328, NULL, 0),
(2359, 'S', 'T', NULL, NULL, NULL, NULL, 0, NULL, NULL, NULL, '2023-04-04 16:23:33', 'claim', 2, NULL, NULL, 1441, 1),
(2360, 'S', 'T', 'Inference', 'X', NULL, 'R', 1, NULL, NULL, NULL, '2023-04-04 16:23:33', 'support', 2, 'supporting', 2359, NULL, 0),
(2363, 'Subject', 'target', NULL, NULL, NULL, NULL, 1, NULL, NULL, NULL, '2023-04-04 17:12:12', 'claim', 1, 'Too Early', 1427, NULL, 0),
(2364, 'Subject', 'target', 'Inference', 'x', NULL, 'R', 1, NULL, NULL, NULL, '2023-04-04 17:12:12', 'support', 1, 'supporting', 2363, NULL, 0),
(2365, 'Abortion', 'is immoral', NULL, NULL, NULL, NULL, 1, NULL, NULL, NULL, '2023-04-04 17:19:27', 'claim', 76, NULL, NULL, NULL, 0),
(2366, 'Abortion', 'is immoral', 'Inference', 'X', NULL, 'R', 1, NULL, NULL, NULL, '2023-04-04 17:19:27', 'support', 76, 'supporting', 2365, NULL, 0),
(2367, 'Abortion', 'is not a human right.', NULL, NULL, NULL, NULL, 1, NULL, NULL, NULL, '2023-04-06 21:01:00', 'claim', 76, NULL, NULL, NULL, 0),
(2368, 'Abortion', 'is not a human right.', 'Inference', 'X', NULL, 'R', 1, NULL, NULL, NULL, '2023-04-06 21:01:00', 'support', 76, 'supporting', 2367, NULL, 0),
(2369, 'This thesis', 'is good', NULL, NULL, NULL, NULL, 1, NULL, NULL, NULL, '2023-04-06 22:34:41', 'claim', 78, NULL, NULL, NULL, 0),
(2370, 'This thesis', 'is good', 'Inference', 'x', NULL, 'r', 0, NULL, NULL, NULL, '2023-04-06 22:34:41', 'support', 78, 'supporting', 2369, NULL, 0),
(2371, 'S', 'T', NULL, NULL, NULL, NULL, 1, NULL, NULL, NULL, '2023-04-06 22:35:01', 'claim', 78, 'Hostile', 2370, NULL, 0),
(2372, 'S', 'T', 'Inference', 'X', NULL, 'R', 1, NULL, NULL, NULL, '2023-04-06 22:35:01', 'support', 78, 'supporting', 2371, NULL, 0),
(2373, 'This thesis', 'is good', 'Inference', 'X', NULL, 'R', 1, NULL, NULL, NULL, '2023-04-06 22:35:13', 'support', 78, 'supporting', 2369, NULL, 0),
(2374, 'S', 'T', NULL, NULL, NULL, NULL, 1, NULL, NULL, NULL, '2023-04-07 20:46:09', 'claim', 2, NULL, NULL, 1449, 1),
(2375, 'S', 'T', 'Inference', 'X', NULL, 'R', 1, NULL, NULL, NULL, '2023-04-07 20:46:09', 'support', 2, 'supporting', 2374, NULL, 0),
(2376, 'S', 'T', NULL, NULL, NULL, NULL, 1, NULL, NULL, NULL, '2023-04-07 20:53:53', 'claim', 2, NULL, NULL, NULL, 0),
(2377, 'S', 'T', 'Inference', 'X', NULL, 'R', 1, NULL, NULL, NULL, '2023-04-07 20:53:53', 'support', 2, 'supporting', 2376, NULL, 0),
(2378, 'S', 'T', NULL, NULL, NULL, NULL, 0, NULL, NULL, NULL, '2023-04-07 20:54:10', 'claim', 2, 'Too Early', 2376, NULL, 0);
INSERT INTO `Claim` (`id`, `subject`, `targetP`, `supportMeans`, `example`, `URL`, `reason`, `active`, `vidtimestamp`, `citation`, `transcription`, `ts`, `COS`, `topic_id`, `flag_type`, `flagged_id`, `rival_id`, `isRootRival`) VALUES
(2379, 'S', 'T', 'Inference', 'X', NULL, 'R', 1, NULL, NULL, NULL, '2023-04-07 20:54:10', 'support', 2, 'supporting', 2378, NULL, 0),
(2380, 'R', 'T', NULL, NULL, NULL, NULL, 1, NULL, NULL, NULL, '2023-04-07 20:54:27', 'claim', 2, 'Too Early', 2378, NULL, 0),
(2381, 'R', 'T', 'Testimony', NULL, '', NULL, 1, NULL, 'C', 'T', '2023-04-07 20:54:27', 'support', 2, 'supporting', 2380, NULL, 0),
(2382, 'Subject', 'target', 'Inference', 'X', NULL, 'R', 1, NULL, NULL, NULL, '2023-04-07 21:13:43', 'support', 1, 'supporting', 2363, NULL, 0),
(2383, 'S', 'T', NULL, NULL, NULL, NULL, 1, NULL, NULL, NULL, '2023-04-07 22:08:12', 'claim', 1, NULL, NULL, 1427, 1),
(2384, 'S', 'T', 'Inference', 'X', NULL, 'R', 1, NULL, NULL, NULL, '2023-04-07 22:08:12', 'support', 1, 'supporting', 2383, NULL, 0),
(2385, '<script>alert(1);</script>', '<script>alert(1);</script>', NULL, NULL, NULL, NULL, 1, NULL, NULL, NULL, '2023-04-07 22:29:44', 'claim', 85, NULL, NULL, NULL, 0),
(2386, '<script>alert(1);</script>', '<script>alert(1);</script>', 'Inference', '<script>alert(1);</script>', NULL, '<script>alert(1);</script>', 1, NULL, NULL, NULL, '2023-04-07 22:29:44', 'support', 85, 'supporting', 2385, NULL, 0),
(2387, '<script>alert(1);</script>', '<script>alert(1);</script>', NULL, NULL, NULL, NULL, 1, NULL, NULL, NULL, '2023-04-07 22:30:52', 'claim', 85, NULL, NULL, NULL, 0),
(2388, '<script>alert(1);</script>', '<script>alert(1);</script>', 'Inference', '<script>alert(1);</script>', NULL, '<script>alert(1);</script>', 1, NULL, NULL, NULL, '2023-04-07 22:30:52', 'support', 85, 'supporting', 2387, NULL, 0),
(2389, '<script>alert(1);</script>', '<script>alert(1);</script>', 'Inference', 'X', NULL, 'R', 1, NULL, NULL, NULL, '2023-04-07 22:46:08', 'support', 85, 'supporting', 2387, NULL, 0),
(2390, 'R', 'T', NULL, NULL, NULL, NULL, 1, NULL, NULL, NULL, '2023-04-13 16:55:38', 'claim', 2, 'Hostile', 1450, NULL, 0),
(2391, 'R', 'T', 'Inference', 'x', NULL, 'r', 1, NULL, NULL, NULL, '2023-04-13 16:55:38', 'support', 2, 'supporting', 2390, NULL, 0),
(2398, 'S', 'T', NULL, NULL, NULL, NULL, 1, NULL, NULL, NULL, '2023-04-13 21:34:04', 'claim', 3, 'Unestablished Subject', 1462, NULL, 0),
(2399, 'S', 'T', 'Tarka', NULL, NULL, NULL, 1, NULL, NULL, NULL, '2023-04-13 21:34:04', 'support', 3, 'supporting', 2398, NULL, 0),
(2400, 'R', 't', NULL, NULL, NULL, NULL, 0, NULL, NULL, NULL, '2023-04-13 21:35:18', 'claim', 8, 'Too Early', 1499, NULL, 0),
(2401, 'R', 't', 'Inference', 'X', NULL, 'R', 1, NULL, NULL, NULL, '2023-04-13 21:35:18', 'support', 8, 'supporting', 2400, NULL, 0),
(2402, 'S', 'T', 'Inference', 'X', NULL, 'R', 1, NULL, NULL, NULL, '2023-04-13 22:07:14', 'support', 2, 'supporting', 2359, NULL, 0),
(2403, 'Sub', 'Targ', NULL, NULL, NULL, NULL, 0, NULL, NULL, NULL, '2023-04-13 23:44:11', 'claim', 29, NULL, NULL, NULL, 0),
(2404, 'Sub', 'Targ', 'Inference', 'X', NULL, 'R', 1, NULL, NULL, NULL, '2023-04-13 23:44:11', 'support', 29, 'supporting', 2403, NULL, 0),
(2406, 'Sub', 'Targ', 'Inference', 'X', NULL, 'R', 1, NULL, NULL, NULL, '2023-04-13 23:46:42', 'support', 29, 'supporting', 2403, NULL, 0),
(2407, 'R', 'T', NULL, NULL, NULL, NULL, 1, NULL, NULL, NULL, '2023-04-13 23:46:53', 'claim', 29, 'Too Late', 2403, NULL, 0),
(2408, 'R', 'T', 'Inference', 'X', NULL, 'R', 1, NULL, NULL, NULL, '2023-04-13 23:46:53', 'support', 29, 'supporting', 2407, NULL, 0),
(2409, 'Sub', 'Targ', 'Inference', 'X', NULL, 'R', 1, NULL, NULL, NULL, '2023-04-13 23:50:23', 'support', 29, 'supporting', 2403, NULL, 0),
(2410, 'S', 'T', NULL, NULL, NULL, NULL, 0, NULL, NULL, NULL, '2023-04-14 00:12:34', 'claim', 5, 'Thesis Rival', NULL, 1621, 0),
(2411, 'S', 'T', NULL, NULL, NULL, NULL, 0, NULL, NULL, NULL, '2023-04-14 00:12:43', 'claim', 5, 'Thesis Rival', NULL, 1621, 0),
(2412, 'S', 'T', NULL, NULL, NULL, NULL, 0, NULL, NULL, NULL, '2023-04-14 00:13:45', 'claim', 5, 'Thesis Rival', NULL, 1621, 0),
(2413, 'S', 'T', 'Inference', 'X', NULL, 'R', 1, NULL, NULL, NULL, '2023-04-14 00:13:45', 'support', 5, 'supporting', 2412, NULL, 0),
(2414, 'S', 'T', NULL, NULL, NULL, NULL, 1, NULL, NULL, NULL, '2023-04-14 00:37:08', 'claim', 1, 'Thesis Rival', NULL, 1427, 0),
(2415, 'S', 'T', 'Inference', 'X', NULL, 'R', 1, NULL, NULL, NULL, '2023-04-14 00:37:08', 'support', 1, 'supporting', 2414, NULL, 0),
(2416, 'S', 'T', NULL, NULL, NULL, NULL, 1, NULL, NULL, NULL, '2023-04-14 00:43:35', 'claim', 1, 'Thesis Rival', NULL, 1427, 0),
(2417, 'S', 'T', 'Inference', 'X', NULL, 'R', 1, NULL, NULL, NULL, '2023-04-14 00:43:35', 'support', 1, 'supporting', 2416, NULL, 0),
(2418, 'The dog', 'is barking', 'Inference', 'X', NULL, 'R', 1, NULL, NULL, NULL, '2023-04-14 00:44:55', 'support', 1, 'supporting', 1427, NULL, 0),
(2419, 'S', 'T', NULL, NULL, NULL, NULL, 0, NULL, NULL, NULL, '2023-04-14 00:45:12', 'claim', 1, 'Too Late', 2363, NULL, 0),
(2420, 'S', 'T', 'Inference', 'X', NULL, 'R', 1, NULL, NULL, NULL, '2023-04-14 00:45:12', 'support', 1, 'supporting', 2419, NULL, 0),
(2421, 'S', 'T', NULL, NULL, NULL, NULL, 1, NULL, NULL, NULL, '2023-04-14 00:51:19', 'claim', 1, 'Too Early', 2419, NULL, 0),
(2422, 'S', 'T', 'Inference', 'X', NULL, 'R', 1, NULL, NULL, NULL, '2023-04-14 00:51:19', 'support', 1, 'supporting', 2421, NULL, 0),
(2423, 'S', 'T', NULL, NULL, NULL, NULL, 1, NULL, NULL, NULL, '2023-04-14 00:53:08', 'claim', 89, NULL, NULL, NULL, 0),
(2424, 'S', 'T', 'Inference', 'X', NULL, 'R', 1, NULL, NULL, NULL, '2023-04-14 00:53:08', 'support', 89, 'supporting', 2423, NULL, 0),
(2425, 'S', 'T', 'Inference', 'X', NULL, 'R', 1, NULL, NULL, NULL, '2023-04-14 00:53:16', 'support', 89, 'supporting', 2423, NULL, 0),
(2426, 'S', 'T', NULL, NULL, NULL, NULL, 0, NULL, NULL, NULL, '2023-04-14 00:53:33', 'claim', 89, 'Too Early', 2423, NULL, 0),
(2427, 'S', 'T', 'Inference', 'X', NULL, 'R', 1, NULL, NULL, NULL, '2023-04-14 00:53:33', 'support', 89, 'supporting', 2426, NULL, 0),
(2428, 'S', 'T', NULL, NULL, NULL, NULL, 1, NULL, NULL, NULL, '2023-04-14 00:54:04', 'claim', 89, 'Too Early', 2426, NULL, 0),
(2429, 'S', 'T', 'Inference', 'X', NULL, 'R', 1, NULL, NULL, NULL, '2023-04-14 00:54:04', 'support', 89, 'supporting', 2428, NULL, 0),
(2430, 'S', 'T', NULL, NULL, NULL, NULL, 1, NULL, NULL, NULL, '2023-04-20 17:12:29', 'claim', 99, NULL, NULL, NULL, 0),
(2431, 'S', 'T', 'Inference', 'X', NULL, 'R', 1, NULL, NULL, NULL, '2023-04-20 17:12:29', 'support', 99, 'supporting', 2430, NULL, 0),
(2432, 'S', 'T', NULL, NULL, NULL, NULL, 0, NULL, NULL, NULL, '2023-04-20 17:40:00', 'claim', 15, 'Thesis Rival', NULL, 2294, 0),
(2433, 'S', 'T', 'Inference', 'X', NULL, 'R', 1, NULL, NULL, NULL, '2023-04-20 17:40:00', 'support', 15, 'supporting', 2432, NULL, 0),
(2434, 'S', 'T', NULL, NULL, NULL, NULL, 0, NULL, NULL, NULL, '2023-04-20 17:40:30', 'claim', 15, 'Thesis Rival', NULL, 1573, 0),
(2435, 'S', 'T', 'Inference', 'X', NULL, 'R', 1, NULL, NULL, NULL, '2023-04-20 17:40:30', 'support', 15, 'supporting', 2434, NULL, 0);

INSERT INTO `GroupTopic` (`id`, `group_id`, `topic_id`, `read_only`) VALUES
(2, 1, 37, 0),
(75, 1, 1, 0),
(76, 1, 2, 0),
(77, 1, 3, 0),
(78, 1, 5, 0),
(79, 1, 7, 0),
(80, 1, 8, 0),
(81, 1, 9, 0),
(82, 1, 10, 0),
(83, 1, 11, 0),
(84, 1, 13, 0),
(85, 1, 14, 0),
(86, 1, 15, 0),
(87, 1, 20, 0),
(88, 1, 22, 0),
(89, 1, 23, 0),
(90, 1, 24, 0),
(91, 1, 26, 0),
(92, 1, 27, 0),
(93, 1, 28, 0),
(94, 1, 29, 0),
(95, 1, 31, 0),
(96, 1, 33, 0),
(97, 1, 36, 0),
(98, 1, 42, 0),
(99, 1, 43, 0),
(100, 1, 45, 0),
(101, 1, 47, 0),
(105, 1, 76, 0),
(107, 1, 78, 0),
(113, 1, 85, 0),
(117, 1, 89, 0),
(141, 1, 100, 0),
(142, 1, 101, 0);

/*!40101 SET CHARACTER_SET_CLIENT=@OLD_CHARACTER_SET_CLIENT */;
/*!40101 SET CHARACTER_SET_RESULTS=@OLD_CHARACTER_SET_RESULTS */;
/*!40101 SET COLLATION_CONNECTION=@OLD_COLLATION_CONNECTION */;
